db,company,rowid,legacy_id,client,nfs,nfd,orcamento,data_fat_raw,data_venc_raw,amount,status,issue_original,due_original,issue_corrected,due_corrected,valid_original,expense_copy,total_summary,intercompany,recoverable,repair_rule,action
banco_empresa.db,universo_eletronica,1,1,CORR PLASTIK,521,584,1367,02/01/2024,23/01/2024,26600.0,PAGO,2024-01-02,2024-01-23,2024-01-02,2024-01-23,True,False,False,False,True,,keep
banco_empresa.db,universo_eletronica,2,2,AMBEV,523,599,2065,02/01/2024,01/02/2024,9000.0,PAGO,2024-01-02,2024-02-01,2024-01-02,2024-02-01,True,False,False,False,True,,keep
banco_empresa.db,universo_eletronica,3,3,MOR,524,611,3002,02/01/2024,23/01/2024,5000.0,PAGO,2024-01-02,2024-01-23,2024-01-02,2024-01-23,True,False,False,False,True,,keep
banco_empresa.db,universo_eletronica,4,4,GRUPO PETROPOLIS,525,612,2113   - 2115 - 2116,02/01/2024,02/02/2024,10000.0,PAGO,2024-01-02,2024-02-02,2024-01-02,2024-02-02,True,False,False,False,True,,keep
banco_empresa.db,universo_eletronica,5,5,T&A,528,621,2126,05/01/2024,26/01/2024,1666.66,PAGO,2024-01-05,2024-01-26,2024-01-05,2024-01-26,True,False,False,False,True,,keep
banco_empresa.db,universo_eletronica,6,6,NOTARO,529,622,2016,05/01/2024,22/01/2024,8550.0,PAGO,2024-01-05,2024-01-22,2024-01-05,2024-01-22,True,False,False,False,True,,keep
banco_empresa.db,universo_eletronica,7,7,DEXCO,530,SNF,3012,05/01/2024,05/03/2024,7000.0,PAGO,2024-01-05,2024-03-05,2024-01-05,2024-03-05,True,False,False,False,True,,keep
banco_empresa.db,universo_eletronica,8,8,DEXCO,531,SNF,3021,05/11/2023,05/03/2024,5800.0,PAGO,2023-11-05,2024-03-05,2023-11-05,2024-03-05,True,False,False,False,True,,keep
banco_empresa.db,universo_eletronica,9,9,BRF,532,626,1558,10/01/2024,19/01/2024,2983.0,PAGO,2024-01-10,2024-01-19,2024-01-10,2024-01-19,True,False,False,False,True,,keep
banco_empresa.db,universo_eletronica,10,10,FIABESA,533,SNF,3014,12/01/2024,01/02/2024,900.0,PAGO,2024-01-12,2024-02-01,2024-01-12,2024-02-01,True,False,False,False,True,,keep
banco_empresa.db,universo_eletronica,11,11,ASA,SNF,630,VENDA DE EQUIPAMENTO,11/01/2024,09/02/2024,1200.0,PAGO,2024-01-11,2024-02-09,2024-01-11,2024-02-09,True,False,False,False,True,,keep
banco_empresa.db,universo_eletronica,12,12,NOTARO,536,635,2078 - 2079,16/01/2024,30/01/2024,3300.0,PAGO,2024-01-16,2024-01-30,2024-01-16,2024-01-30,True,False,False,False,True,,keep
banco_empresa.db,universo_eletronica,13,13,RUPLAST,535,634,2017,16/01/2024,15/02/2024,1500.0,PAGO,2024-01-16,2024-02-15,2024-01-16,2024-02-15,True,False,False,False,True,,keep
banco_empresa.db,universo_eletronica,14,14,RUPLAST,535,634,2017,16/01/2024,16/03/2024,1500.0,PAGO,2024-01-16,2024-03-16,2024-01-16,2024-03-16,True,False,False,False,True,,keep
banco_empresa.db,universo_eletronica,15,15,MOR,537,636,3010,16/01/2024,06/02/2024,10200.0,PAGO,2024-01-16,2024-02-06,2024-01-16,2024-02-06,True,False,False,False,True,,keep
banco_empresa.db,universo_eletronica,16,16,BRF,538,638,2141,17/01/2024,31/01/2024,17496.0,PAGO,2024-01-17,2024-01-31,2024-01-17,2024-01-31,True,False,False,False,True,,keep
banco_empresa.db,universo_eletronica,17,17,ASA,539,639,730,17/01/2024,23/02/2024,3000.0,PAGO,2024-01-17,2024-02-23,2024-01-17,2024-02-23,True,False,False,False,True,,keep
banco_empresa.db,universo_eletronica,18,18,AZIMULT,541,607,2125,18/01/2024,23/02/2024,1187.5,PAGO,2024-01-18,2024-02-23,2024-01-18,2024-02-23,True,False,False,False,True,,keep
banco_empresa.db,universo_eletronica,20,20,FAIBESA,540,641,3037,18/01/2024,07/02/2024,1000.0,PAGO,2024-01-18,2024-02-07,2024-01-18,2024-02-07,True,False,False,False,True,,keep
banco_empresa.db,universo_eletronica,21,21,FAIBESA,542,642,1243,18/01/2024,07/02/2024,1000.0,PAGO,2024-01-18,2024-02-07,2024-01-18,2024-02-07,True,False,False,False,True,,keep
banco_empresa.db,universo_eletronica,22,22,ASA,543,643,2087,18/01/2024,23/02/2024,2000.0,PAGO,2024-01-18,2024-02-23,2024-01-18,2024-02-23,True,False,False,False,True,,keep
banco_empresa.db,universo_eletronica,23,23,AMBEV,546,649,1574,23/01/2024,01/03/2024,23000.0,PAGO,2024-01-23,2024-03-01,2024-01-23,2024-03-01,True,False,False,False,True,,keep
banco_empresa.db,universo_eletronica,24,24,DENSO,547,SNF,S/ SERIE,23/01/2024,14/02/2024,1000.0,PAGO,2024-01-23,2024-02-14,2024-01-23,2024-02-14,True,False,False,False,True,,keep
banco_empresa.db,universo_eletronica,25,25,FIABESA,548,652,485,24/01/2024,14/02/2024,1000.0,PAGO,2024-01-24,2024-02-14,2024-01-24,2024-02-14,True,False,False,False,True,,keep
banco_empresa.db,universo_eletronica,26,26,TIGRE,549,SNF,2155,24/01/2024,13/02/2024,1500.0,PAGO,2024-01-24,2024-02-13,2024-01-24,2024-02-13,True,False,False,False,True,,keep
banco_empresa.db,universo_eletronica,27,27,USINA SAO JOSE,552,658,3018,29/01/2024,28/02/2024,9025.0,PAGO,2024-01-29,2024-02-28,2024-01-29,2024-02-28,True,False,False,False,True,,keep
banco_empresa.db,universo_eletronica,28,28,BRASIL MOLEJO,553,618,3006 /,30/01/2024,20/02/2024,1300.0,PAGO,2024-01-30,2024-02-20,2024-01-30,2024-02-20,True,False,False,False,True,,keep
banco_empresa.db,universo_eletronica,29,29,LARANJEIRAS,554,655,2469,30/01/2024,19/02/2024,1700.0,PAGO,2024-01-30,2024-02-19,2024-01-30,2024-02-19,True,False,False,False,True,,keep
banco_empresa.db,universo_eletronica,30,30,DENSO,559,SNF,2097  -  2098,01/02/2024,27/02/2024,3000.0,PAGO,2024-02-01,2024-02-27,2024-02-01,2024-02-27,True,False,False,False,True,,keep
banco_empresa.db,universo_eletronica,31,31,FIABESA,557,651,2159,01/02/2024,21/02/2024,1200.0,PAGO,2024-02-01,2024-02-21,2024-02-01,2024-02-21,True,False,False,False,True,,keep
banco_empresa.db,universo_eletronica,32,32,FIABESA,558,SNF,1343,01/02/2024,21/02/2024,2000.0,PAGO,2024-02-01,2024-02-21,2024-02-01,2024-02-21,True,False,False,False,True,,keep
banco_empresa.db,universo_eletronica,33,33,CHICÃO,SNF,SNF,-,02/02/2024,02/02/2024,1500.0,PAGO,2024-02-02,2024-02-02,2024-02-02,2024-02-02,True,False,False,False,True,,keep
banco_empresa.db,universo_eletronica,34,34,ALGUSTO NORAL,SNF,SNF,CLP,05/02/2024,05/02/2024,1500.0,PAGO,2024-02-05,2024-02-05,2024-02-05,2024-02-05,True,False,False,False,True,,keep
banco_empresa.db,universo_eletronica,35,35,venda mercado livre,SNF,SNF,CLP,05/02/2024,05/02/2024,2383.0,PAGO,2024-02-05,2024-02-05,2024-02-05,2024-02-05,True,False,False,False,True,,keep
banco_empresa.db,universo_eletronica,36,36,DEXCO,562,SNF,3069,09/02/2024,16/04/2024,1500.0,PAGO,2024-02-09,2024-04-16,2024-02-09,2024-04-16,True,False,False,False,True,,keep
banco_empresa.db,universo_eletronica,37,37,TIGRE,561,-,2161,07/02/2024,11/03/2024,6250.0,PAGO,2024-02-07,2024-03-11,2024-02-07,2024-03-11,True,False,False,False,True,,keep
banco_empresa.db,universo_eletronica,38,38,T&A,563,659,2180,15/02/2024,05/03/2024,1666.66,PAGO,2024-02-15,2024-03-05,2024-02-15,2024-03-05,True,False,False,False,True,,keep
banco_empresa.db,universo_eletronica,40,40,TIGRE,565,SNF,2156 - 2157 - 2158,22/02/2024,14/03/2024,7905.0,PAGO,2024-02-22,2024-03-14,2024-02-22,2024-03-14,True,False,False,False,True,,keep
banco_empresa.db,universo_eletronica,41,41,T&A,566,662,3068,23/02/2024,14/03/2024,2500.0,PAGO,2024-02-23,2024-03-14,2024-02-23,2024-03-14,True,False,False,False,True,,keep
banco_empresa.db,universo_eletronica,42,42,USINA SAO JOSE,567,675,2044,01/03/2024,28/03/2024,5700.0,PAGO,2024-03-01,2024-03-28,2024-03-01,2024-03-28,True,False,False,False,True,,keep
banco_empresa.db,universo_eletronica,44,44,KARINTO,569,SNF,VENDA DE IHM,04/03/2024,25/03/2024,4500.0,PAGO,2024-03-04,2024-03-25,2024-03-04,2024-03-25,True,False,False,False,True,,keep
banco_empresa.db,universo_eletronica,45,45,KARINTO,569,SNF,VENDA DE IHM,04/03/2024,15/04/2024,4500.0,PAGO,2024-03-04,2024-04-15,2024-03-04,2024-04-15,True,False,False,False,True,,keep
banco_empresa.db,universo_eletronica,46,46,VIANE E MOURA,573,SNF,3084,05/03/2024,26/03/2024,1100.0,PAGO,2024-03-05,2024-03-26,2024-03-05,2024-03-26,True,False,False,False,True,,keep
banco_empresa.db,universo_eletronica,47,47,DEXCO,-,SNF,VENDA DE EQUPAMENTO,05/03/2024,04/05/2024,17500.0,PAGO,2024-03-05,2024-05-04,2024-03-05,2024-05-04,True,False,False,False,True,,keep
banco_empresa.db,universo_eletronica,48,48,ASA,574,SNF,3072,05/03/2024,23/04/2023,5500.0,PAGO,2024-03-05,2023-04-23,2024-03-05,2023-04-23,True,False,False,False,True,,keep
banco_empresa.db,universo_eletronica,49,49,SSM,-,-,-,05/03/2024,05/03/2024,1000.0,PAGO,2024-03-05,2024-03-05,2024-03-05,2024-03-05,True,False,False,False,True,,keep
banco_empresa.db,universo_eletronica,50,50,FIABESA,576,708,2042,06/03/2024,04/04/2024,1800.0,PAGO,2024-03-06,2024-04-04,2024-03-06,2024-04-04,True,False,False,False,True,,keep
banco_empresa.db,universo_eletronica,51,51,FIABESA,578,673,3052,12/03/2024,10/04/2024,600.0,PAGO,2024-03-12,2024-04-10,2024-03-12,2024-04-10,True,False,False,False,True,,keep
banco_empresa.db,universo_eletronica,52,52,AMBEV,579,716,2036,12/03/2024,01/05/2024,9500.0,PAGO,2024-03-12,2024-05-01,2024-03-12,2024-05-01,True,False,False,False,True,,keep
banco_empresa.db,universo_eletronica,53,53,SSM,-,-,-,05/03/2024,20/03/2024,1000.0,PAGO,2024-03-05,2024-03-20,2024-03-05,2024-03-20,True,False,False,False,True,,keep
banco_empresa.db,universo_eletronica,56,56,CORR PLASTIK,581,734,3057,23/03/2024,14/04/2024,3250.0,PAGO,2024-03-23,2024-04-14,2024-03-23,2024-04-14,True,False,False,False,True,,keep
banco_empresa.db,universo_eletronica,57,57,CORR PLASTIK,581,734,3057,23/03/2024,19/05/2024,3250.0,PAGO,2024-03-23,2024-05-19,2024-03-23,2024-05-19,True,False,False,False,True,,keep
banco_empresa.db,universo_eletronica,58,58,FIABESA,597,719,3090,24/04/2024,14/05/2024,1000.0,PAGO,2024-04-24,2024-05-14,2024-04-24,2024-05-14,True,False,False,False,True,,keep
banco_empresa.db,universo_eletronica,59,59,NORAL,SNF (RECIBO),SNF,3095,28/03/2024,16/04/2024,2250.0,PAGO,2024-03-28,2024-04-16,2024-03-28,2024-04-16,True,False,False,False,True,,keep
banco_empresa.db,universo_eletronica,60,60,NORAL,SNF (RECIBO),SNF,3095,29/03/2024,25/05/2024,2250.0,PAGO,2024-03-29,2024-05-25,2024-03-29,2024-05-25,True,False,False,False,True,,keep
banco_empresa.db,universo_eletronica,61,61,FIABESA,583,735,3089,01/04/2024,21/04/2024,2200.0,PAGO,2024-04-01,2024-04-21,2024-04-01,2024-04-21,True,False,False,False,True,,keep
banco_empresa.db,universo_eletronica,62,62,ALPARGATAS,584,746,3093,05/04/2024,04/06/2024,2200.0,PAGO,2024-04-05,2024-06-04,2024-04-05,2024-06-04,True,False,False,False,True,,keep
banco_empresa.db,universo_eletronica,63,63,ASA,585,729 - 728,3087 - 3075,05/04/2024,23/05/2024,14847.45,PAGO,2024-04-05,2024-05-23,2024-04-05,2024-05-23,True,False,False,False,True,,keep
banco_empresa.db,universo_eletronica,65,65,ALPARGATAS,586,751,3092,10/04/2024,02/07/2024,8000.0,PAGO,2024-04-10,2024-07-02,2024-04-10,2024-07-02,True,False,False,False,True,,keep
banco_empresa.db,universo_eletronica,66,66,FIABESA,588,738,3122,10/04/2024,10/05/2024,800.0,PAGO,2024-04-10,2024-05-10,2024-04-10,2024-05-10,True,False,False,False,True,,keep
banco_empresa.db,universo_eletronica,67,67,SMART LAB,590,739,3083,16/04/2024,19/04/2024,3000.0,PAGO,2024-04-16,2024-04-19,2024-04-16,2024-04-19,True,False,False,False,True,,keep
banco_empresa.db,universo_eletronica,68,68,AMBEV,591,737 - 760,3079,18/04/2024,01/06/2024,18000.0,PAGO,2024-04-18,2024-06-01,2024-04-18,2024-06-01,True,False,False,False,True,,keep
banco_empresa.db,universo_eletronica,70,70,OPEBRAS,592,SNF,4160,19/04/2024,08/05/2024,500.0,PAGO,2024-04-19,2024-05-08,2024-04-19,2024-05-08,True,False,False,False,True,,keep
banco_empresa.db,universo_eletronica,71,71,OPEBRAS,592,SNF,4160,19/04/2024,16/06/2024,500.0,PAGO,2024-04-19,2024-06-16,2024-04-19,2024-06-16,True,False,False,False,True,,keep
banco_empresa.db,universo_eletronica,72,72,OPEBRAS,592,SNF,4160,19/04/2024,15/08/2024,500.0,PAGO,2024-04-19,2024-08-15,2024-04-19,2024-08-15,True,False,False,False,True,,keep
banco_empresa.db,universo_eletronica,73,73,GIASA,593,767,4158,19/04/2024,19/05/2024,1200.0,PAGO,2024-04-19,2024-05-19,2024-04-19,2024-05-19,True,False,False,False,True,,keep
banco_empresa.db,universo_eletronica,74,74,FIABESA,595,741,3123,24/04/2024,23/05/2024,500.0,PAGO,2024-04-24,2024-05-23,2024-04-24,2024-05-23,True,False,False,False,True,,keep
banco_empresa.db,universo_eletronica,76,76,FIABESA,596,750,4138,24/04/2024,14/05/2024,350.0,PAGO,2024-04-24,2024-05-14,2024-04-24,2024-05-14,True,False,False,False,True,,keep
banco_empresa.db,universo_eletronica,77,77,ELIAS,-,-,CABOFLET,24/04/2024,24/04/2024,400.0,PAGO,2024-04-24,2024-04-24,2024-04-24,2024-04-24,True,False,False,False,True,,keep
banco_empresa.db,universo_eletronica,78,78,VASOURAS,SNF,-,-,24/04/2024,24/04/2024,600.0,PAGO,2024-04-24,2024-04-24,2024-04-24,2024-04-24,True,False,False,False,True,,keep
banco_empresa.db,universo_eletronica,79,79,NORAL,SNF,SNF,4173,25/04/2004,30/04/2024,3000.0,PAGO,2004-04-25,2024-04-30,2004-04-25,2024-04-30,True,False,False,False,True,,keep
banco_empresa.db,universo_eletronica,80,80,ALPARGATAS,598,777,3126,25/04/2024,24/06/2024,1425.0,PAGO,2024-04-25,2024-06-24,2024-04-25,2024-06-24,True,False,False,False,True,,keep
banco_empresa.db,universo_eletronica,83,83,CONPEL,-,-,-,26/04/2024,26/04/2024,3000.0,PAGO,2024-04-26,2024-04-26,2024-04-26,2024-04-26,True,False,False,False,True,,keep
banco_empresa.db,universo_eletronica,84,84,ASIA´PLAST,-,-,-,26/04/2024,26/04/2024,18000.0,PAGO,2024-04-26,2024-04-26,2024-04-26,2024-04-26,True,False,False,False,True,,keep
banco_empresa.db,universo_eletronica,85,85,ISIS,602,SNF,4179,02/05/2024,03/06/2024,2000.0,PAGO,2024-05-02,2024-06-03,2024-05-02,2024-06-03,True,False,False,False,True,,keep
banco_empresa.db,universo_eletronica,86,86,ISIS,604,SNF,4192,06/05/2024,27/05/2024,1000.0,PAGO,2024-05-06,2024-05-27,2024-05-06,2024-05-27,True,False,False,False,True,,keep
banco_empresa.db,universo_eletronica,87,87,DEXCO,603,754,4156,06/05/2024,05/07/2024,900.0,PAGO,2024-05-06,2024-07-05,2024-05-06,2024-07-05,True,False,False,False,True,,keep
banco_empresa.db,universo_eletronica,88,88,POSTO SAO CRISTOVAO,611 WHATSAPP,SNF,4191,06/05/2024,06/05/2024,3000.0,PAGO,2024-05-06,2024-05-06,2024-05-06,2024-05-06,True,False,False,False,True,,keep
banco_empresa.db,universo_eletronica,89,89,POSTO SAO CRISTOVAO,611 WHATSAPP,SNF,4191,06/05/2024,07/06/2024,3000.0,PAGO,2024-05-06,2024-06-07,2024-05-06,2024-06-07,True,False,False,False,True,,keep
banco_empresa.db,universo_eletronica,90,90,CONPEL,609,-,-,08/05/2024,08/05/2024,7000.0,PAGO,2024-05-08,2024-05-08,2024-05-08,2024-05-08,True,False,False,False,True,,keep
banco_empresa.db,universo_eletronica,91,91,ASA,610,755,3102,09/05/2024,03/06/2024,3735.03,PAGO,2024-05-09,2024-06-03,2024-05-09,2024-06-03,True,False,False,False,True,,keep
banco_empresa.db,universo_eletronica,92,92,ALUMINIO CIRCULAR,SNF,SNF,4219,13/05/2024,13/05/2024,850.0,PAGO,2024-05-13,2024-05-13,2024-05-13,2024-05-13,True,False,False,False,True,,keep
banco_empresa.db,universo_eletronica,93,93,MOR,613,SNF,4206,14/05/2024,12/06/2024,6000.0,PAGO,2024-05-14,2024-06-12,2024-05-14,2024-06-12,True,False,False,False,True,,keep
banco_empresa.db,universo_eletronica,94,94,ASA,614,778,4227-4228,14/05/2024,03/07/2024,9100.0,PAGO,2024-05-14,2024-07-03,2024-05-14,2024-07-03,True,False,False,False,True,,keep
banco_empresa.db,universo_eletronica,95,95,ASA,615,761,4217 - 4220,15/05/2024,06/08/2024,8740.0,PAGO,2024-05-15,2024-08-06,2024-05-15,2024-08-06,True,False,False,False,True,,keep
banco_empresa.db,universo_eletronica,96,96,CONPEL,616,783,2160,20/05/2024,10/06/2024,1900.0,PAGO,2024-05-20,2024-06-10,2024-05-20,2024-06-10,True,False,False,False,True,,keep
banco_empresa.db,universo_eletronica,97,97,CONPEL,616,783,2160,20/05/2024,17/06/2024,1900.0,PAGO,2024-05-20,2024-06-17,2024-05-20,2024-06-17,True,False,False,False,True,,keep
banco_empresa.db,universo_eletronica,98,98,ENVASE,617,SNF,4254,21/05/2024,20/06/2024,4000.0,PAGO,2024-05-21,2024-06-20,2024-05-21,2024-06-20,True,False,False,False,True,,keep
banco_empresa.db,universo_eletronica,99,99,FIABESA,618,793,3127,21/05/2024,11/06/2024,2000.0,PAGO,2024-05-21,2024-06-11,2024-05-21,2024-06-11,True,False,False,False,True,,keep
banco_empresa.db,universo_eletronica,100,100,AMBEV,607,756,4178,21/05/2024,01/07/2024,12000.0,PAGO,2024-05-21,2024-07-01,2024-05-21,2024-07-01,True,False,False,False,True,,keep
banco_empresa.db,universo_eletronica,101,101,AMBEV,619,756,4178,21/05/2024,01/07/2024,12000.0,PAGO,2024-05-21,2024-07-01,2024-05-21,2024-07-01,True,False,False,False,True,,keep
banco_empresa.db,universo_eletronica,102,102,ISOESTE,620,SNF,4216,23/05/2024,12/06/2024,4000.0,PAGO,2024-05-23,2024-06-12,2024-05-23,2024-06-12,True,False,False,False,True,,keep
banco_empresa.db,universo_eletronica,103,103,ALPHA PLAST,621,796,4169,23/05/2024,13/06/2024,2500.0,PAGO,2024-05-23,2024-06-13,2024-05-23,2024-06-13,True,False,False,False,True,,keep
banco_empresa.db,universo_eletronica,104,104,OGGI,622,SNF,4168,24/05/2024,18/06/2024,2500.0,PAGO,2024-05-24,2024-06-18,2024-05-24,2024-06-18,True,False,False,False,True,,keep
banco_empresa.db,universo_eletronica,105,105,AMBEV,623,773,4159,29/05/2024,01/07/2024,900.0,PAGO,2024-05-29,2024-07-01,2024-05-29,2024-07-01,True,False,False,False,True,,keep
banco_empresa.db,universo_eletronica,107,107,DEXCO,625,799,4166,03/06/2024,30/08/2024,4000.0,PAGO,2024-06-03,2024-08-30,2024-06-03,2024-08-30,True,False,False,False,True,,keep
banco_empresa.db,universo_eletronica,108,108,AMBEV,626,805,4177,04/06/2024,02/08/2024,16000.0,PAGO,2024-06-04,2024-08-02,2024-06-04,2024-08-02,True,False,False,False,True,,keep
banco_empresa.db,universo_eletronica,109,109,AMBEV,627,773,4159,04/06/2024,02/08/2024,900.0,PAGO,2024-06-04,2024-08-02,2024-06-04,2024-08-02,True,False,False,False,True,,keep
banco_empresa.db,universo_eletronica,110,110,DENSO,628,801,3063,04/06/2024,14/06/2024,2500.0,PAGO,2024-06-04,2024-06-14,2024-06-04,2024-06-14,True,False,False,False,True,,keep
banco_empresa.db,universo_eletronica,111,111,TIGRE,629,SNF,4251 - 4252,05/06/2024,26/06/2024,4400.0,PAGO,2024-06-05,2024-06-26,2024-06-05,2024-06-26,True,False,False,False,True,,keep
banco_empresa.db,universo_eletronica,112,112,TIGRE,630,SNF,4252,05/06/2024,26/06/2024,6000.0,PAGO,2024-06-05,2024-06-26,2024-06-05,2024-06-26,True,False,False,False,True,,keep
banco_empresa.db,universo_eletronica,113,113,PINDORA,631,SNF,1 PARCELA - PEDIDO - 107.842,06/06/2024,05/06/2024,68000.0,PAGO,2024-06-06,2024-06-05,2024-06-06,2024-06-05,True,False,False,False,True,,keep
banco_empresa.db,universo_eletronica,114,114,AIR BRAS,AG NFS,SNF,4293,06/06/2024,06/06/2024,4000.0,PAGO,2024-06-06,2024-06-06,2024-06-06,2024-06-06,True,False,False,False,True,,keep
banco_empresa.db,universo_eletronica,115,115,VALE DO MARAIAL,SNF,SNF,-,06/06/2024,05/06/2024,2000.0,PAGO,2024-06-06,2024-06-05,2024-06-06,2024-06-05,True,False,False,False,True,,keep
banco_empresa.db,universo_eletronica,116,116,ISIS,632,SNF,5297,06/06/2024,27/06/2024,1000.0,PAGO,2024-06-06,2024-06-27,2024-06-06,2024-06-27,True,False,False,False,True,,keep
banco_empresa.db,universo_eletronica,117,117,ISIS,633,SNF,5317,06/06/2024,27/06/2024,1500.0,PAGO,2024-06-06,2024-06-27,2024-06-06,2024-06-27,True,False,False,False,True,,keep
banco_empresa.db,universo_eletronica,118,118,UNILEVER,634,812,5320,10/06/2024,08/09/2024,1000.0,PAGO,2024-06-10,2024-09-08,2024-06-10,2024-09-08,True,False,False,False,True,,keep
banco_empresa.db,universo_eletronica,119,119,ISIS,635,SNF,4286,12/06/2024,03/07/2024,1500.0,PAGO,2024-06-12,2024-07-03,2024-06-12,2024-07-03,True,False,False,False,True,,keep
banco_empresa.db,universo_eletronica,120,120,DEXCO,636,814,4231,14/06/2024,21/08/2024,4250.0,PAGO,2024-06-14,2024-08-21,2024-06-14,2024-08-21,True,False,False,False,True,,keep
banco_empresa.db,universo_eletronica,122,122,DEXCO,638,SNF,4253,17/06/2024,26/08/2024,950.0,PAGO,2024-06-17,2024-08-26,2024-06-17,2024-08-26,True,False,False,False,True,,keep
banco_empresa.db,universo_eletronica,123,123,NORATO,639,807,4291,18/06/2024,18/07/2024,2100.0,PAGO,2024-06-18,2024-07-18,2024-06-18,2024-07-18,True,False,False,False,True,,keep
banco_empresa.db,universo_eletronica,124,124,PIDNORAMA,640,SNF,2 PARCELA - PEDIDO - 107.842,19/06/2024,02/07/2024,68000.0,PAGO,2024-06-19,2024-07-02,2024-06-19,2024-07-02,True,False,False,False,True,,keep
banco_empresa.db,universo_eletronica,125,125,ALPARGATAS,641,822,4269,20/06/2024,19/08/2024,7600.0,PAGO,2024-06-20,2024-08-19,2024-06-20,2024-08-19,True,False,False,False,True,,keep
banco_empresa.db,universo_eletronica,126,126,ISIS,642,SNF,6341,21/06/2024,11/07/2024,1000.0,PAGO,2024-06-21,2024-07-11,2024-06-21,2024-07-11,True,False,False,False,True,,keep
banco_empresa.db,universo_eletronica,127,127,ISIS,642,SNF,6341,21/06/2024,02/08/2024,1000.0,PAGO,2024-06-21,2024-08-02,2024-06-21,2024-08-02,True,False,False,False,True,,keep
banco_empresa.db,universo_eletronica,128,128,PLASUZE,643 - boleto -,SNF,4247 - 4248 - 4249,25/06/2024,16/07/2024,1350.0,PAGO,2024-06-25,2024-07-16,2024-06-25,2024-07-16,True,False,False,False,True,,keep
banco_empresa.db,universo_eletronica,129,129,PLASUZE,643 - boleto -,SNF,4247 - 4248 - 4249,25/06/2024,05/08/2024,1350.0,PAGO,2024-06-25,2024-08-05,2024-06-25,2024-08-05,True,False,False,False,True,,keep
banco_empresa.db,universo_eletronica,130,130,PINDORAMA,644,SNF,915,25/06/2024,23/07/2024,2750.0,PAGO,2024-06-25,2024-07-23,2024-06-25,2024-07-23,True,False,False,False,True,,keep
banco_empresa.db,universo_eletronica,131,131,PINDORAMA,644,SNF,915,25/06/2024,06/08/2024,2750.0,PAGO,2024-06-25,2024-08-06,2024-06-25,2024-08-06,True,False,False,False,True,,keep
banco_empresa.db,universo_eletronica,133,133,T&A,647,828,5311,01/07/2024,31/07/2024,2375.0,PAGO,2024-07-01,2024-07-31,2024-07-01,2024-07-31,True,False,False,False,True,,keep
banco_empresa.db,universo_eletronica,134,134,FIABESA,648,829,2806,07/07/2024,30/07/2024,900.0,PAGO,2024-07-07,2024-07-30,2024-07-07,2024-07-30,True,False,False,False,True,,keep
banco_empresa.db,universo_eletronica,135,135,WCM ENGENHARIA,SNF,SNF,6358 ' PAGOU 50% ',02/07/2024,02/07/2024,2500.0,PAGO,2024-07-02,2024-07-02,2024-07-02,2024-07-02,True,False,False,False,True,,keep
banco_empresa.db,universo_eletronica,136,136,WCM ENGENHARIA,SNF,SNF,6358 ' PAGOU 50% ',02/07/2024,02/08/2024,2500.0,PAGO,2024-07-02,2024-08-02,2024-07-02,2024-08-02,True,False,False,False,True,,keep
banco_empresa.db,universo_eletronica,138,138,ISIS,650,SNF,6379 / 6380,03/07/2024,24/07/2024,1400.0,PAGO,2024-07-03,2024-07-24,2024-07-03,2024-07-24,True,False,False,False,True,,keep
banco_empresa.db,universo_eletronica,139,139,NATO,651,807,4290,08/07/2024,29/07/2024,2200.0,PAGO,2024-07-08,2024-07-29,2024-07-08,2024-07-29,True,False,False,False,True,,keep
banco_empresa.db,universo_eletronica,140,140,ISIS,652,SNF,6392,08/07/2024,29/07/2024,500.0,PAGO,2024-07-08,2024-07-29,2024-07-08,2024-07-29,True,False,False,False,True,,keep
banco_empresa.db,universo_eletronica,141,141,ISIS,653,SNF,5297,09/07/2024,30/07/2024,300.0,PAGO,2024-07-09,2024-07-30,2024-07-09,2024-07-30,True,False,False,False,True,,keep
banco_empresa.db,universo_eletronica,142,142,INDUSTRIA PINDORAMA,654,SNF,6400,15/07/2024,30/07/2024,700.0,PAGO,2024-07-15,2024-07-30,2024-07-15,2024-07-30,True,False,False,False,True,,keep
banco_empresa.db,universo_eletronica,143,143,jamesson soft danfos,SEM NOTA,SNF,6342,25/06/2024,17/07/2024,5000.0,PAGO,2024-06-25,2024-07-17,2024-06-25,2024-07-17,True,False,False,False,True,,keep
banco_empresa.db,universo_eletronica,144,144,FIABESA,655,847,6405,17/07/2024,06/08/2024,2000.0,PAGO,2024-07-17,2024-08-06,2024-07-17,2024-08-06,True,False,False,False,True,,keep
banco_empresa.db,universo_eletronica,145,145,PINDORAMA,656,SNF,3 PARCELA - PEDIDO - 107.842,17/07/2024,30/07/2024,34000.0,PAGO,2024-07-17,2024-07-30,2024-07-17,2024-07-30,True,False,False,False,True,,keep
banco_empresa.db,universo_eletronica,146,146,PINDORAMA,568,SNF,VENDA - 926 / 827,17/07/2024,08/08/2024,8500.0,PAGO,2024-07-17,2024-08-08,2024-07-17,2024-08-08,True,False,False,False,True,,keep
banco_empresa.db,universo_eletronica,147,147,CAFÉ OURO VERDE,659,SNF,VENDA - 932,19/07/2024,19/07/2024,9500.0,PAGO,2024-07-19,2024-07-19,2024-07-19,2024-07-19,True,False,False,False,True,,keep
banco_empresa.db,universo_eletronica,148,148,CAFÉ OURO VERDE,659,SNF,VENDA - 933,19/07/2024,13/08/2024,9500.0,PAGO,2024-07-19,2024-08-13,2024-07-19,2024-08-13,True,False,False,False,True,,keep
banco_empresa.db,universo_eletronica,149,149,ASIAPLAST,660,SNF,6440,22/07/2024,13/08/2024,4500.0,PAGO,2024-07-22,2024-08-13,2024-07-22,2024-08-13,True,False,False,False,True,,keep
banco_empresa.db,universo_eletronica,150,150,IPM,87,SNF,VENDA DE EQUIPAMENTO,01/07/2024,22/07/2024,2500.0,PAGO,2024-07-01,2024-07-22,2024-07-01,2024-07-22,True,False,False,False,True,,keep
banco_empresa.db,universo_eletronica,151,151,ONS,661,SNF,6411,23/07/2024,23/08/2024,2375.0,PAGO,2024-07-23,2024-08-23,2024-07-23,2024-08-23,True,False,False,False,True,,keep
banco_empresa.db,universo_eletronica,152,152,TIGRE AL,662,854,6422,23/07/2024,13/08/2024,3800.0,PAGO,2024-07-23,2024-08-13,2024-07-23,2024-08-13,True,False,False,False,True,,keep
banco_empresa.db,universo_eletronica,153,153,OGGI,663,SNF,6358,24/07/2024,23/08/2024,5000.0,PAGO,2024-07-24,2024-08-23,2024-07-24,2024-08-23,True,False,False,False,True,,keep
banco_empresa.db,universo_eletronica,154,154,ISIS,664,SNF,6451,25/07/2024,24/08/2024,1500.0,PAGO,2024-07-25,2024-08-24,2024-07-25,2024-08-24,True,False,False,False,True,,keep
banco_empresa.db,universo_eletronica,155,155,ISIS,664,SNF,6451,25/07/2024,22/09/2024,1500.0,PAGO,2024-07-25,2024-09-22,2024-07-25,2024-09-22,True,False,False,False,True,,keep
banco_empresa.db,universo_eletronica,156,156,NATO,666,SNF,819,01/08/2024,16/08/2024,900.0,PAGO,2024-08-01,2024-08-16,2024-08-01,2024-08-16,True,False,False,False,True,,keep
banco_empresa.db,universo_eletronica,157,157,NATO,667,SNF,3121,02/08/2024,17/08/2024,2000.02,PAGO,2024-08-02,2024-08-17,2024-08-02,2024-08-17,True,False,False,False,True,,keep
banco_empresa.db,universo_eletronica,158,158,ALPHA PLAST,668,866,6383 - 6384,06/08/2024,27/08/2024,600.0,PAGO,2024-08-06,2024-08-27,2024-08-06,2024-08-27,True,False,False,False,True,,keep
banco_empresa.db,universo_eletronica,159,159,A GERADORA,669,SNF,6454,06/08/2024,26/08/2024,4500.0,PAGO,2024-08-06,2024-08-26,2024-08-06,2024-08-26,True,False,False,False,True,,keep
banco_empresa.db,universo_eletronica,160,160,OGGI,670,SNF,6397,12/08/2024,11/09/2024,2000.0,PAGO,2024-08-12,2024-09-11,2024-08-12,2024-09-11,True,False,False,False,True,,keep
banco_empresa.db,universo_eletronica,161,161,FIABESA,671,857,2042,12/08/2024,02/09/2024,2500.0,PAGO,2024-08-12,2024-09-02,2024-08-12,2024-09-02,True,False,False,False,True,,keep
banco_empresa.db,universo_eletronica,162,162,NORAL,SNF,SNF,6461,12/08/2024,13/08/2024,1000.0,PAGO,2024-08-12,2024-08-13,2024-08-12,2024-08-13,True,False,False,False,True,,keep
banco_empresa.db,universo_eletronica,163,163,FIABESA,672,SNF,6447,12/08/2024,11/09/2024,500.0,PAGO,2024-08-12,2024-09-11,2024-08-12,2024-09-11,True,False,False,False,True,,keep
banco_empresa.db,universo_eletronica,164,164,ASIAPLAST,673,SNF,6401,12/08/2024,04/09/2024,5500.0,PAGO,2024-08-12,2024-09-04,2024-08-12,2024-09-04,True,False,False,False,True,,keep
banco_empresa.db,universo_eletronica,165,165,MOR,674,SNF,4213,14/08/2024,13/09/2024,950.0,PAGO,2024-08-14,2024-09-13,2024-08-14,2024-09-13,True,False,False,False,True,,keep
banco_empresa.db,universo_eletronica,166,166,LARANJEIRAS,675,876,8490 / 8491 / 8492,16/08/2024,30/09/2024,3700.0,PAGO,2024-08-16,2024-09-30,2024-08-16,2024-09-30,True,False,False,False,True,,keep
banco_empresa.db,universo_eletronica,167,167,LARANJEIRAS,675,876,8491 / 8491 / 8492,17/08/2024,30/09/2024,3700.0,PAGO,2024-08-17,2024-09-30,2024-08-17,2024-09-30,True,False,False,False,True,,keep
banco_empresa.db,universo_eletronica,168,168,OGGI,676,SNF,6449,16/08/2024,15/09/2024,6000.0,PAGO,2024-08-16,2024-09-15,2024-08-16,2024-09-15,True,False,False,False,True,,keep
banco_empresa.db,universo_eletronica,169,169,T&A,677,869 / 858 / 870,6453 / 6407 / 5311,16/08/2024,16/09/2024,2750.0,PAGO,2024-08-16,2024-09-16,2024-08-16,2024-09-16,True,False,False,False,True,,keep
banco_empresa.db,universo_eletronica,170,170,T&A,677,869 / 858 / 870,6453 / 6407 / 5311,16/08/2024,20/09/2024,2750.0,PAGO,2024-08-16,2024-09-20,2024-08-16,2024-09-20,True,False,False,False,True,,keep
banco_empresa.db,universo_eletronica,171,171,AMBEV,678,878,8480 / 8481,19/08/2024,01/10/2024,18000.0,PAGO,2024-08-19,2024-10-01,2024-08-19,2024-10-01,True,False,False,False,True,,keep
banco_empresa.db,universo_eletronica,172,172,AMBEV,679,868,6387,21/08/2024,01/10/2024,9500.0,PAGO,2024-08-21,2024-10-01,2024-08-21,2024-10-01,True,False,False,False,True,,keep
banco_empresa.db,universo_eletronica,173,173,FIABESA,680,883,8505,22/08/2024,11/09/2024,1000.0,PAGO,2024-08-22,2024-09-11,2024-08-22,2024-09-11,True,False,False,False,True,,keep
banco_empresa.db,universo_eletronica,174,174,MEXICHEM,681,887 / 888,4145 / 6472,22/08/2024,03/10/2024,6700.0,PAGO,2024-08-22,2024-10-03,2024-08-22,2024-10-03,True,False,False,False,True,,keep
banco_empresa.db,universo_eletronica,175,175,ASIAPLAST,682,SNF,4255,26/08/2024,16/09/2024,10000.0,PAGO,2024-08-26,2024-09-16,2024-08-26,2024-09-16,True,False,False,False,True,,keep
banco_empresa.db,universo_eletronica,176,176,SOS MAQUINAS,683,890,9505,27/08/2024,28/08/2024,9267.5,PAGO,2024-08-27,2024-08-28,2024-08-27,2024-08-28,True,False,False,False,True,,keep
banco_empresa.db,universo_eletronica,177,177,SOS MAQUINAS,683,890,9505,28/08/2024,24/09/2024,9267.5,PAGO,2024-08-28,2024-09-24,2024-08-28,2024-09-24,True,False,False,False,True,,keep
banco_empresa.db,universo_eletronica,178,178,FIABESA,684,882,5308 / 5309,28/08/2024,18/09/2024,1000.0,PAGO,2024-08-28,2024-09-18,2024-08-28,2024-09-18,True,False,False,False,True,,keep
banco_empresa.db,universo_eletronica,179,179,AMBEV,685,881,VENDA DE EQUIPAMENTO,02/09/2024,02/12/2024,36000.0,PAGO,2024-09-02,2024-12-02,2024-09-02,2024-12-02,True,False,False,False,True,,keep
banco_empresa.db,universo_eletronica,180,180,ALPHA PLAST,686,895,10519,02/09/2024,23/09/2024,2000.0,PAGO,2024-09-02,2024-09-23,2024-09-02,2024-09-23,True,False,False,False,True,,keep
banco_empresa.db,universo_eletronica,181,181,OGGI,687,SNF,6459,02/09/2024,02/10/2024,900.0,PAGO,2024-09-02,2024-10-02,2024-09-02,2024-10-02,True,False,False,False,True,,keep
banco_empresa.db,universo_eletronica,182,182,PERFIL PLAST,688,SNF,10537,03/09/2024,24/09/2024,500.0,PAGO,2024-09-03,2024-09-24,2024-09-03,2024-09-24,True,False,False,False,True,,keep
banco_empresa.db,universo_eletronica,183,183,FIABESA,689,896,10539,05/09/2024,03/10/2024,9750.0,PAGO,2024-09-05,2024-10-03,2024-09-05,2024-10-03,True,False,False,False,True,,keep
banco_empresa.db,universo_eletronica,184,184,LARANJEIRAS,690,897,9517,05/09/2024,05/10/2024,2375.0,PAGO,2024-09-05,2024-10-05,2024-09-05,2024-10-05,True,False,False,False,True,,keep
banco_empresa.db,universo_eletronica,185,185,MEXICHEN,691,899,6473,06/09/2024,04/10/2024,1200.0,PAGO,2024-09-06,2024-10-04,2024-09-06,2024-10-04,True,False,False,False,True,,keep
banco_empresa.db,universo_eletronica,186,186,MONDELEZ,692,900,10540 / 10541 / 10554,06/09/2024,08/01/2025,2500.0,PAGO,2024-09-06,2025-01-08,2024-09-06,2025-01-08,True,False,False,False,True,,keep
banco_empresa.db,universo_eletronica,187,187,DEXCO,697,872,921 / 922 / 6382,17/09/2024,25/11/2024,8930.0,PAGO,2024-09-17,2024-11-25,2024-09-17,2024-11-25,True,False,False,False,True,,keep
banco_empresa.db,universo_eletronica,188,188,ALPARGATAS,696,902,8489,13/09/2024,12/11/2024,7687.0,PAGO,2024-09-13,2024-11-12,2024-09-13,2024-11-12,True,False,False,False,True,,keep
banco_empresa.db,universo_eletronica,189,189,WCM EGENHARIA,SNF,SNF,11568,16/09/2024,16/09/2024,900.0,PAGO,2024-09-16,2024-09-16,2024-09-16,2024-09-16,True,False,False,False,True,,keep
banco_empresa.db,universo_eletronica,190,190,ELETROCELO,698,SNF,10550,18/09/2024,18/10/2024,7500.0,PAGO,2024-09-18,2024-10-18,2024-09-18,2024-10-18,True,False,False,False,True,,keep
banco_empresa.db,universo_eletronica,191,191,ELETROCELO,698,SNF,10550,19/09/2024,17/11/2024,7500.0,PAGO,2024-09-19,2024-11-17,2024-09-19,2024-11-17,True,False,False,False,True,,keep
banco_empresa.db,universo_eletronica,192,192,DAVI HENRIQUE,SNF,SNF,11569 - 11570,18/09/2024,18/09/2024,1900.0,PAGO,2024-09-18,2024-09-18,2024-09-18,2024-09-18,True,False,False,False,True,,keep
banco_empresa.db,universo_eletronica,193,193,TROIA,699 whatasapp,910,10520-10521,23/09/2024,25/10/2024,9500.0,PAGO,2024-09-23,2024-10-25,2024-09-23,2024-10-25,True,False,False,False,True,,keep
banco_empresa.db,universo_eletronica,194,194,INDUSTRIA PINDORAMA,711,SNF,10552 / 10553,23/09/2024,14/10/2024,9000.0,PAGO,2024-09-23,2024-10-14,2024-09-23,2024-10-14,True,False,False,False,True,,keep
banco_empresa.db,universo_eletronica,195,195,AMBEV,701,913,8482,23/09/2024,01/12/2024,9000.0,PAGO,2024-09-23,2024-12-01,2024-09-23,2024-12-01,True,False,False,False,True,,keep
banco_empresa.db,universo_eletronica,196,196,LIBERTY PLAST,702,SNF,6468,24/09/2024,25/10/2024,1000.0,PAGO,2024-09-24,2024-10-25,2024-09-24,2024-10-25,True,False,False,False,True,,keep
banco_empresa.db,universo_eletronica,197,197,GRAFICA S/ MARTA,704,911,10548,25/09/2024,09/11/2024,2850.0,PAGO,2024-09-25,2024-11-09,2024-09-25,2024-11-09,True,False,False,False,True,,keep
banco_empresa.db,universo_eletronica,199,199,OGGI,705,SNF,8484,25/09/2024,25/10/2024,1000.0,PAGO,2024-09-25,2024-10-25,2024-09-25,2024-10-25,True,False,False,False,True,,keep
banco_empresa.db,universo_eletronica,200,200,FIABESA,706,905,11588,26/09/2024,26/10/2024,500.0,PAGO,2024-09-26,2024-10-26,2024-09-26,2024-10-26,True,False,False,False,True,,keep
banco_empresa.db,universo_eletronica,201,201,AQUAFLEX,SNF,SNF,11610,27/09/2024,27/09/2024,200.0,PAGO,2024-09-27,2024-09-27,2024-09-27,2024-09-27,True,False,False,False,True,,keep
banco_empresa.db,universo_eletronica,202,202,M DIAS BRANCO,707,serviço,9516,01/10/2024,30/10/2024,9000.0,PAGO,2024-10-01,2024-10-30,2024-10-01,2024-10-30,True,False,False,False,True,,keep
banco_empresa.db,universo_eletronica,203,203,IF DOS SANTOS,-,12,6439 - 6437 - 3434 - 6433 - 3007 - 3008,01/10/2024,01/10/2024,6000.0,PAGO,2024-10-01,2024-10-01,2024-10-01,2024-10-01,True,False,False,False,True,,keep
banco_empresa.db,universo_eletronica,204,204,DENIX,SNF,SNF,10527,02/10/2024,02/10/2024,2000.0,PAGO,2024-10-02,2024-10-02,2024-10-02,2024-10-02,True,False,False,False,True,,keep
banco_empresa.db,universo_eletronica,205,205,DENIX,SNF,SNF,10527,03/10/2024,07/10/2024,2000.0,PAGO,2024-10-03,2024-10-07,2024-10-03,2024-10-07,True,False,False,False,True,,keep
banco_empresa.db,universo_eletronica,206,206,IBRATIN,709,SNF,8499,02/10/2024,03/10/2024,6000.0,PAGO,2024-10-02,2024-10-03,2024-10-02,2024-10-03,True,False,False,False,True,,keep
banco_empresa.db,universo_eletronica,207,207,IBRATIN,709,SNF,8499,03/10/2024,18/11/2024,6000.0,PAGO,2024-10-03,2024-11-18,2024-10-03,2024-11-18,True,False,False,False,True,,keep
banco_empresa.db,universo_eletronica,208,208,IBRATIN,709,SNF,8499,04/10/2024,04/12/2024,6000.0,PAGO,2024-10-04,2024-12-04,2024-10-04,2024-12-04,True,False,False,False,True,,keep
banco_empresa.db,universo_eletronica,209,209,MONDELEZ,710,922 / 894,11560 / 11561,01/02/2024,05/02/2025,6000.0,PAGO,2024-02-01,2025-02-05,2024-02-01,2025-02-05,True,False,False,False,True,,keep
banco_empresa.db,universo_eletronica,210,210,VENOSAN,712,923,11612,03/10/2024,02/11/2024,2800.0,PAGO,2024-10-03,2024-11-02,2024-10-03,2024-11-02,True,False,False,False,True,,keep
banco_empresa.db,universo_eletronica,211,211,LARANJEIRAS,713,925,10554,03/10/2024,18/11/2024,600.0,PAGO,2024-10-03,2024-11-18,2024-10-03,2024-11-18,True,False,False,False,True,,keep
banco_empresa.db,universo_eletronica,212,212,NATO,714,932,11577,08/10/2024,29/10/2024,9800.0,PAGO,2024-10-08,2024-10-29,2024-10-08,2024-10-29,True,False,False,False,True,,keep
banco_empresa.db,universo_eletronica,213,213,AMBEV,717,snf,VENDA DE EQUIPAMETNO - OÇ 948,08/10/2024,30/12/2025,5000.0,PAGO,2024-10-08,2025-12-30,2024-10-08,2025-12-30,True,False,False,False,True,,keep
banco_empresa.db,universo_eletronica,214,214,AMBEV,718,944,8483,14/10/2024,30/12/2025,9000.0,PAGO,2024-10-14,2025-12-30,2024-10-14,2025-12-30,True,False,False,False,True,,keep
banco_empresa.db,universo_eletronica,215,215,CAFÉ OURO VERDE,719,SNF,12635,15/10/2024,01/12/2024,8500.0,PAGO,2024-10-15,2024-12-01,2024-10-15,2024-12-01,True,False,False,False,True,,keep
banco_empresa.db,universo_eletronica,216,216,ALPHA PLAST,720,937,6469 / 6470 / 6471,16/10/2024,08/11/2024,1200.0,PAGO,2024-10-16,2024-11-08,2024-10-16,2024-11-08,True,False,False,False,True,,keep
banco_empresa.db,universo_eletronica,217,217,PINDORAMA,721,SNF,4° PARCELA DO PEDIDO DE COMPRAS 107.842,21/10/2024,30/10/2024,56666.44,PAGO,2024-10-21,2024-10-30,2024-10-21,2024-10-30,True,False,False,False,True,,keep
banco_empresa.db,universo_eletronica,218,218,INDUSTRIA PINDORAMA,722,SNF,11627,22/10/2024,21/11/2024,8300.0,PAGO,2024-10-22,2024-11-21,2024-10-22,2024-11-21,True,False,False,False,True,,keep
banco_empresa.db,universo_eletronica,219,219,FIABESA,723,943,12630,23/10/2024,13/11/2024,5000.0,PAGO,2024-10-23,2024-11-13,2024-10-23,2024-11-13,True,False,False,False,True,,keep
banco_empresa.db,universo_eletronica,220,220,MORKEN,724,SNF,12670,24/10/2024,24/10/2024,1860.0,PAGO,2024-10-24,2024-10-24,2024-10-24,2024-10-24,True,False,False,False,True,,keep
banco_empresa.db,universo_eletronica,221,221,MUNDO SERVIÇOS  E MANUT,SNF,SNF,12663,24/10/2024,24/10/2024,700.0,PAGO,2024-10-24,2024-10-24,2024-10-24,2024-10-24,True,False,False,False,True,,keep
banco_empresa.db,universo_eletronica,222,222,VENOSAN,727,964,11613,28/10/2024,18/11/2024,2850.0,PAGO,2024-10-28,2024-11-18,2024-10-28,2024-11-18,True,False,False,False,True,,keep
banco_empresa.db,universo_eletronica,223,223,ABTEC,RECIBO,SNF,12648 / 12649 / 12645,30/10/2024,30/10/2024,1700.0,PAGO,2024-10-30,2024-10-30,2024-10-30,2024-10-30,True,False,False,False,True,,keep
banco_empresa.db,universo_eletronica,224,224,ABC DRIVES AUTOMAÇÃO IND TDA,SNF,SNF,VENDA DE PLACA ELETRONICA,29/10/2024,29/10/2024,8500.0,PAGO,2024-10-29,2024-10-29,2024-10-29,2024-10-29,True,False,False,False,True,,keep
banco_empresa.db,universo_eletronica,225,225,ABC DRIVES AUTOMAÇÃO IND TDA,SNF,SNF,VENDA DE PLACA ELETRONICA,30/10/2024,28/11/2024,8500.0,PAGO,2024-10-30,2024-11-28,2024-10-30,2024-11-28,True,False,False,False,True,,keep
banco_empresa.db,universo_eletronica,226,226,AMBEV,SNF,948,VENDA DE EQUIPAMENTO,18/01/2024,30/12/2025,8000.0,PAGO,2024-01-18,2025-12-30,2024-01-18,2025-12-30,True,False,False,False,True,,keep
banco_empresa.db,universo_eletronica,227,227,BRF,728,934 / 935,8485 / 8486,01/11/2024,04/12/2024,13118.26,PAGO,2024-11-01,2024-12-04,2024-11-01,2024-12-04,True,False,False,False,True,,keep
banco_empresa.db,universo_eletronica,228,228,ALPHA PLAST,729,961,12631,01/11/2024,04/12/2024,300.0,PAGO,2024-11-01,2024-12-04,2024-11-01,2024-12-04,True,False,False,False,True,,keep
banco_empresa.db,universo_eletronica,229,229,M DIAS  RN,730,SNF,12627,01/11/2024,02/12/2024,1800.0,PAGO,2024-11-01,2024-12-02,2024-11-01,2024-12-02,True,False,False,False,True,,keep
banco_empresa.db,universo_eletronica,230,230,M DIAS,731,SNF,9515,01/11/2024,02/12/2024,9000.0,PAGO,2024-11-01,2024-12-02,2024-11-01,2024-12-02,True,False,False,False,True,,keep
banco_empresa.db,universo_eletronica,231,231,ASA,732,970,3103,05/11/2024,23/12/2024,4750.0,PAGO,2024-11-05,2024-12-23,2024-11-05,2024-12-23,True,False,False,False,True,,keep
banco_empresa.db,universo_eletronica,232,232,MONDELEZ,733,972,12676,07/11/2024,12/03/2025,1800.0,PAGO,2024-11-07,2025-03-12,2024-11-07,2025-03-12,True,False,False,False,True,,keep
banco_empresa.db,universo_eletronica,233,233,IND PINDORAMA,734,SNF,13690,07/11/2024,04/12/2024,2000.0,PAGO,2024-11-07,2024-12-04,2024-11-07,2024-12-04,True,False,False,False,True,,keep
banco_empresa.db,universo_eletronica,234,234,GRAFICA SANTA MARTA,735,955,12639,07/11/2024,23/12/2024,5700.0,PAGO,2024-11-07,2024-12-23,2024-11-07,2024-12-23,True,False,False,False,True,,keep
banco_empresa.db,universo_eletronica,235,235,TIGRE,736,SNF,4198,07/11/2024,28/11/2024,2500.0,PAGO,2024-11-07,2024-11-28,2024-11-07,2024-11-28,True,False,False,False,True,,keep
banco_empresa.db,universo_eletronica,236,236,ASA,738,978,13714,13/11/2024,13/12/2024,4000.0,PAGO,2024-11-13,2024-12-13,2024-11-13,2024-12-13,True,False,False,False,True,,keep
banco_empresa.db,universo_eletronica,237,237,ELETROCELO,S/N,S/N,S/N,13/11/2024,21/11/2024,4000.0,PAGO,2024-11-13,2024-11-21,2024-11-13,2024-11-21,True,False,False,False,True,,keep
banco_empresa.db,universo_eletronica,238,238,TIGRE,740,SNF,6337,14/11/2024,02/01/2025,2000.0,PAGO,2024-11-14,2025-01-02,2024-11-14,2025-01-02,True,False,False,False,True,,keep
banco_empresa.db,universo_eletronica,239,239,BRASIL MOLEJO,739,SNF,12629,14/11/2024,04/12/2024,4500.0,PAGO,2024-11-14,2024-12-04,2024-11-14,2024-12-04,True,False,False,False,True,,keep
banco_empresa.db,universo_eletronica,240,240,BRASIL MOLEJO,739,SNF,12629,15/11/2024,30/12/2024,4500.0,PAGO,2024-11-15,2024-12-30,2024-11-15,2024-12-30,True,False,False,False,True,,keep
banco_empresa.db,universo_eletronica,241,241,VENDA MERCADO LIVRE,SNF,SNF,VENDA,18/11/2024,18/11/2024,850.0,PAGO,2024-11-18,2024-11-18,2024-11-18,2024-11-18,True,False,False,False,True,,keep
banco_empresa.db,universo_eletronica,242,242,ALPHA PLAST,741,967,12661,18/11/2024,04/12/2024,1200.0,PAGO,2024-11-18,2024-12-04,2024-11-18,2024-12-04,True,False,False,False,True,,keep
banco_empresa.db,universo_eletronica,243,243,VENOSAN,742,975 / 981,OÇ 12688,19/11/2024,19/12/2024,3800.0,PAGO,2024-11-19,2024-12-19,2024-11-19,2024-12-19,True,False,False,False,True,,keep
banco_empresa.db,universo_eletronica,244,244,PINDORAMA,743,SNF,5° PARCELA DO PEDIDO DE COMPRAS 107.842,19/11/2024,09/12/2024,56666.78,PAGO,2024-11-19,2024-12-09,2024-11-19,2024-12-09,True,False,False,False,True,,keep
banco_empresa.db,universo_eletronica,245,245,VENOSAN,744,990,12684,25/11/2024,16/12/2024,2850.0,PAGO,2024-11-25,2024-12-16,2024-11-25,2024-12-16,True,False,False,False,True,,keep
banco_empresa.db,universo_eletronica,246,246,FIABESA,745,986,13721,26/11/2024,17/12/2024,700.0,PAGO,2024-11-26,2024-12-17,2024-11-26,2024-12-17,True,False,False,False,True,,keep
banco_empresa.db,universo_eletronica,249,249,MONDELEZ,747,993,12633,26/11/2024,26/03/2025,10000.0,PAGO,2024-11-26,2025-03-26,2024-11-26,2025-03-26,True,False,False,False,True,,keep
banco_empresa.db,universo_eletronica,250,250,BECKER,748,SNF,OÇ 12682,27/11/2024,02/01/2025,6000.0,PAGO,2024-11-27,2025-01-02,2024-11-27,2025-01-02,True,False,False,False,True,,keep
banco_empresa.db,universo_eletronica,251,251,IND PINDORAMA,749,SNF,12654,27/11/2024,12/12/2024,3500.0,PAGO,2024-11-27,2024-12-12,2024-11-27,2024-12-12,True,False,False,False,True,,keep
banco_empresa.db,universo_eletronica,252,252,ARA TEXTIL,750,SNF,OÇ 963 - ALUGUEL,28/11/2024,05/12/2024,2200.0,PAGO,2024-11-28,2024-12-05,2024-11-28,2024-12-05,True,False,False,False,True,,keep
banco_empresa.db,universo_eletronica,253,253,ARA TEXTIL,751,996,13719,28/11/2024,28/12/2024,15000.0,PAGO,2024-11-28,2024-12-28,2024-11-28,2024-12-28,True,False,False,False,True,,keep
banco_empresa.db,universo_eletronica,254,254,DINIX,NF,SN,SN,29/11/2024,29/11/2024,2000.0,PAGO,2024-11-29,2024-11-29,2024-11-29,2024-11-29,True,False,False,False,True,,keep
banco_empresa.db,universo_eletronica,255,255,ISIS,752,SNF,13746,02/12/2024,23/12/2024,535.0,PAGO,2024-12-02,2024-12-23,2024-12-02,2024-12-23,True,False,False,False,True,,keep
banco_empresa.db,universo_eletronica,256,256,DEXCO PB,753,980,13691,02/12/2024,31/01/2025,1800.0,PAGO,2024-12-02,2025-01-31,2024-12-02,2025-01-31,True,False,False,False,True,,keep
banco_empresa.db,universo_eletronica,257,257,DEXCO PB,756,SNF,13715,02/12/2024,31/01/2025,2200.0,PAGO,2024-12-02,2025-01-31,2024-12-02,2025-01-31,True,False,False,False,True,,keep
banco_empresa.db,universo_eletronica,258,258,DEXCO PB,755,982,13715,03/12/2024,01/02/2025,1450.0,PAGO,2024-12-03,2025-02-01,2024-12-03,2025-02-01,True,False,False,False,True,,keep
banco_empresa.db,universo_eletronica,259,259,ISIS,757,SNF,14751 / 14752 / 14753,04/12/2024,03/01/2025,1400.0,PAGO,2024-12-04,2025-01-03,2024-12-04,2025-01-03,True,False,False,False,True,,keep
banco_empresa.db,universo_eletronica,260,260,MEXICHEN,758,997,12658,04/12/2024,16/01/2025,16000.0,PAGO,2024-12-04,2025-01-16,2024-12-04,2025-01-16,True,False,False,False,True,,keep
banco_empresa.db,universo_eletronica,261,261,WS EMBALAGENS,762,SNF,14761,05/12/2024,05/12/2024,5000.0,PAGO,2024-12-05,2024-12-05,2024-12-05,2024-12-05,True,False,False,False,True,,keep
banco_empresa.db,universo_eletronica,262,262,MONDELEZ,759,1004,13716,12/09/2024,04/08/2025,1000.0,PAGO,2024-09-12,2025-08-04,2024-09-12,2025-08-04,True,False,False,False,True,,keep
banco_empresa.db,universo_eletronica,263,263,WA EMBALAGENS,762,SNF,14761,11/12/2024,02/01/2025,5000.0,PAGO,2024-12-11,2025-01-02,2024-12-11,2025-01-02,True,False,False,False,True,,keep
banco_empresa.db,universo_eletronica,264,264,ELETROCELO,763,SNF,VENDA DE SOFT-STARTER SSW03 670A,12/12/2024,11/01/2024,7500.0,PAGO,2024-12-12,2024-01-11,2024-12-12,2024-01-11,True,False,False,False,True,,keep
banco_empresa.db,universo_eletronica,265,265,ELETROCELO,763,SNF,VENDA DE SOFT-STARTER SSW03 670A,12/12/2024,10/02/2025,7500.0,PAGO,2024-12-12,2025-02-10,2024-12-12,2025-02-10,True,False,False,False,True,,keep
banco_empresa.db,universo_eletronica,266,266,ISOESTE,764,-,13730 / 13731,13/01/2024,17/01/2025,2000.0,PAGO,2024-01-13,2025-01-17,2024-01-13,2025-01-17,True,False,False,False,True,,keep
banco_empresa.db,universo_eletronica,267,267,INDUSTRIA PINDORAMA,765,SNF,6° PARCELA DO PEDIDO DE COMPRAS 107.842,13/12/2024,07/01/2025,56666.78,PAGO,2024-12-13,2025-01-07,2024-12-13,2025-01-07,True,False,False,False,True,,keep
banco_empresa.db,universo_eletronica,268,268,DEXCO SUAPE,766,SNF,13711 / 14756 / 14760 / 13710,13/12/2024,06/03/2025,25501.7,PAGO,2024-12-13,2025-03-06,2024-12-13,2025-03-06,True,False,False,False,True,,keep
banco_empresa.db,universo_eletronica,269,269,EDK MINERAÇÃO,767,SNF,14769,13/12/2024,03/01/2025,7500.0,PAGO,2024-12-13,2025-01-03,2024-12-13,2025-01-03,True,False,False,False,True,,keep
banco_empresa.db,universo_eletronica,270,270,EDK MINERAÇÃO,768,SNF,OC 975,17/12/2024,24/12/2024,3000.0,PAGO,2024-12-17,2024-12-24,2024-12-17,2024-12-24,True,False,False,False,True,,keep
banco_empresa.db,universo_eletronica,271,271,COLISÃO DO CARRO ALUGADO,SN,SN,SN,18/12/2024,18/12/2024,1750.0,PAGO,2024-12-18,2024-12-18,2024-12-18,2024-12-18,True,False,False,False,True,,keep
banco_empresa.db,universo_eletronica,272,272,USINA SÃO JOSE S/A,761,SNF,13729,10/12/2024,09/01/2025,12741.0,PAGO,2024-12-10,2025-01-09,2024-12-10,2025-01-09,True,False,False,False,True,,keep
banco_empresa.db,universo_eletronica,273,273,SIMAS,769,1012,14759,20/12/2024,10/01/2025,4000.0,PAGO,2024-12-20,2025-01-10,2024-12-20,2025-01-10,True,False,False,False,True,,keep
banco_empresa.db,universo_eletronica,274,274,GRAFICA SANTA MARTA,SNF,1016,VENDA DO DRIVE OC 954,20/12/2024,23/01/2025,7000.0,PAGO,2024-12-20,2025-01-23,2024-12-20,2025-01-23,True,False,False,False,True,,keep
banco_empresa.db,universo_eletronica,275,275,GRAFICA SANTA MARTA,SNF,1016,VENDA DO DRIVE OC 955,21/12/2024,04/02/2025,7000.0,PAGO,2024-12-21,2025-02-04,2024-12-21,2025-02-04,True,False,False,False,True,,keep
banco_empresa.db,universo_eletronica,276,276,GRAFICA SANTA MARTA,SNF,1016,VENDA DO DRIVE OC 956,22/12/2024,10/03/2025,5000.0,PAGO,2024-12-22,2025-03-10,2024-12-22,2025-03-10,True,False,False,False,True,,keep
banco_empresa.db,universo_eletronica,277,277,IPM,770,SNF,14828,20/12/2024,08/01/2025,8750.0,PAGO,2024-12-20,2025-01-08,2024-12-20,2025-01-08,True,False,False,False,True,,keep
banco_empresa.db,universo_eletronica,278,278,IPM,770,SNF,14828,21/12/2024,23/01/2025,8750.0,PAGO,2024-12-21,2025-01-23,2024-12-21,2025-01-23,True,False,False,False,True,,keep
banco_empresa.db,universo_eletronica,279,279,EDILSON DE ARAUJO,-,-,-,23/12/2024,23/12/2024,2000.0,PAGO,2024-12-23,2024-12-23,2024-12-23,2024-12-23,True,False,False,False,True,,keep
banco_empresa.db,universo_eletronica,280,280,BBA NORDESTE,771,1017,14840,26/12/2024,06/03/2025,1500.0,PAGO,2024-12-26,2025-03-06,2024-12-26,2025-03-06,True,False,False,False,True,,keep
banco_empresa.db,universo_eletronica,281,281,ISIS,772,SNF,14829,26/12/2024,27/01/2025,1000.0,PAGO,2024-12-26,2025-01-27,2024-12-26,2025-01-27,True,False,False,False,True,,keep
banco_empresa.db,universo_eletronica,283,283,ISIS,776,SNF,14850,02/01/2025,22/01/2025,900.0,PAGO,2025-01-02,2025-01-22,2025-01-02,2025-01-22,True,False,False,False,True,,keep
banco_empresa.db,universo_eletronica,284,284,IF DOS SANTOS,778,SNF,14844,01/02/2025,02/12/2025,1000.0,PAGO,2025-02-01,2025-12-02,2025-02-01,2025-12-02,True,False,False,False,True,,keep
banco_empresa.db,universo_eletronica,285,285,IPM,779,SNF,OÇ 976,02/01/2025,08/01/2025,2200.0,PAGO,2025-01-02,2025-01-08,2025-01-02,2025-01-08,True,False,False,False,True,,keep
banco_empresa.db,universo_eletronica,286,286,TOTAL PLAST,780,SNF,13740 / 13738 / 13739,30/12/2024,27/01/2025,1500.0,PAGO,2024-12-30,2025-01-27,2024-12-30,2025-01-27,True,False,False,False,True,,keep
banco_empresa.db,universo_eletronica,287,287,R COMPRESSORES,783,SNF,14849,03/01/2025,03/01/2025,2375.0,PAGO,2025-01-03,2025-01-03,2025-01-03,2025-01-03,True,False,False,False,True,,keep
banco_empresa.db,universo_eletronica,288,288,FIABESA,781,1020,14841,06/01/2025,27/01/2025,800.0,PAGO,2025-01-06,2025-01-27,2025-01-06,2025-01-27,True,False,False,False,True,,keep
banco_empresa.db,universo_eletronica,289,289,ALPHA PLAST,782,SNF,14853,06/01/2025,10/02/2025,1000.0,PAGO,2025-01-06,2025-02-10,2025-01-06,2025-02-10,True,False,False,False,True,,keep
banco_empresa.db,universo_eletronica,290,290,R COMPRESSORES,783,SNF,14849,07/01/2025,28/01/2025,2375.0,PAGO,2025-01-07,2025-01-28,2025-01-07,2025-01-28,True,False,False,False,True,,keep
banco_empresa.db,universo_eletronica,291,291,UNILEVER,784,995,6356,08/01/2025,10/04/2025,2000.0,PAGO,2025-01-08,2025-04-10,2025-01-08,2025-04-10,True,False,False,False,True,,keep
banco_empresa.db,universo_eletronica,292,292,ASIAPLAST,786,SNF,14867,09/01/2025,11/02/2025,1000.0,PAGO,2025-01-09,2025-02-11,2025-01-09,2025-02-11,True,False,False,False,True,,keep
banco_empresa.db,universo_eletronica,293,293,USINA GIASA,787,1021,14834,09/01/2025,30/01/2025,5600.0,PAGO,2025-01-09,2025-01-30,2025-01-09,2025-01-30,True,False,False,False,True,,keep
banco_empresa.db,universo_eletronica,294,294,NORAL,SNF,SNF,14863,13/01/2025,16/01/2025,1800.0,PAGO,2025-01-13,2025-01-16,2025-01-13,2025-01-16,True,False,False,False,True,,keep
banco_empresa.db,universo_eletronica,295,295,GRANJA PALACETE,788,SNF,SERVIÇO EM SOFT-STARTER,13/01/2025,13/01/2025,1300.0,PAGO,2025-01-13,2025-01-13,2025-01-13,2025-01-13,True,False,False,False,True,,keep
banco_empresa.db,universo_eletronica,296,296,RAÇÃOES DE GALINHA,-,-,PREVENTIVA,13/01/2025,13/01/2025,1500.0,PAGO,2025-01-13,2025-01-13,2025-01-13,2025-01-13,True,False,False,False,True,,keep
banco_empresa.db,universo_eletronica,297,297,FIABESA,789,1022,14876,14/01/2025,04/02/2025,900.0,PAGO,2025-01-14,2025-02-04,2025-01-14,2025-02-04,True,False,False,False,True,,keep
banco_empresa.db,universo_eletronica,298,298,MOVEIS LUMAR,SNF,SNF,13742 / 13743,16/01/2025,16/01/2025,860.0,PAGO,2025-01-16,2025-01-16,2025-01-16,2025-01-16,True,False,False,False,True,,keep
banco_empresa.db,universo_eletronica,299,299,DEXCO,790,SNF,OÇ 880,15/01/2025,26/03/2025,3000.0,PAGO,2025-01-15,2025-03-26,2025-01-15,2025-03-26,True,False,False,False,True,,keep
banco_empresa.db,universo_eletronica,300,300,EDK,791,SNF,14888,16/01/2025,06/02/2025,8550.0,PAGO,2025-01-16,2025-02-06,2025-01-16,2025-02-06,True,False,False,False,True,,keep
banco_empresa.db,universo_eletronica,301,301,ASIAPLAST,792,SNF,14896 / 14906,23/01/2025,26/02/2025,2000.0,PAGO,2025-01-23,2025-02-26,2025-01-23,2025-02-26,True,False,False,False,True,,keep
banco_empresa.db,universo_eletronica,302,302,TOTAL PLAST,793,SNF,14896,23/01/2025,24/02/2025,24662.0,PAGO,2025-01-23,2025-02-24,2025-01-23,2025-02-24,True,False,False,False,True,,keep
banco_empresa.db,universo_eletronica,303,303,TOTAL PLAST,793,SNF,14896,24/01/2025,04/03/2025,24662.0,PAGO,2025-01-24,2025-03-04,2025-01-24,2025-03-04,True,False,False,False,True,,keep
banco_empresa.db,universo_eletronica,304,304,GRAFICA SANTA MARTA,794,SNF,OÇ 965 / 966,27/01/2025,26/02/2025,10507.0,PAGO,2025-01-27,2025-02-26,2025-01-27,2025-02-26,True,False,False,False,True,,keep
banco_empresa.db,universo_eletronica,305,305,PLASTMAN,795,PLASTMAN,14871,27/01/2025,11/02/2025,1200.0,PAGO,2025-01-27,2025-02-11,2025-01-27,2025-02-11,True,False,False,False,True,,keep
banco_empresa.db,universo_eletronica,306,306,USINA SAO JOSE,796,SNF,14835,27/01/2025,13/03/2025,16150.0,PAGO,2025-01-27,2025-03-13,2025-01-27,2025-03-13,True,False,False,False,True,,keep
banco_empresa.db,universo_eletronica,307,307,ECO LUAR BOUTIQUE,RECIBO,SNF,14907,27/01/2025,27/01/2025,3000.0,PAGO,2025-01-27,2025-01-27,2025-01-27,2025-01-27,True,False,False,False,True,,keep
banco_empresa.db,universo_eletronica,308,308,ALPHA PLAST,797,1032,14858 / 14859 / 14860 / 14861 / 14862,28/01/2025,27/02/2025,3500.0,PAGO,2025-01-28,2025-02-27,2025-01-28,2025-02-27,True,False,False,False,True,,keep
banco_empresa.db,universo_eletronica,309,309,ARA TEXTIL,798,SNF,13751 / 13752,29/01/2025,28/02/2025,12500.0,PAGO,2025-01-29,2025-02-28,2025-01-29,2025-02-28,True,False,False,False,True,,keep
banco_empresa.db,universo_eletronica,310,310,UNIVERSOR AUTOMAÇÃO,SNF,-,-,03/02/2025,03/02/2025,50000.0,PAGO,2025-02-03,2025-02-03,2025-02-03,2025-02-03,True,False,False,True,True,,separate_transfer
banco_empresa.db,universo_eletronica,311,311,VIANE & MOURA,800,SNF,14916,03/02/2025,24/02/2025,3900.0,PAGO,2025-02-03,2025-02-24,2025-02-03,2025-02-24,True,False,False,False,True,,keep
banco_empresa.db,universo_eletronica,312,312,ALPAGARTAS SANTA RITA,801,1035,14912,03/02/2025,18/03/2025,3500.0,PAGO,2025-02-03,2025-03-18,2025-02-03,2025-03-18,True,False,False,False,True,,keep
banco_empresa.db,universo_eletronica,313,313,USINA MONTE ALEGRE,802,1033,14845 / 14846,04/02/2025,06/03/2025,2400.0,PAGO,2025-02-04,2025-03-06,2025-02-04,2025-03-06,True,False,False,False,True,,keep
banco_empresa.db,universo_eletronica,314,314,CAMPARI,803,SNF,14893,04/02/2025,07/04/2025,4000.0,PAGO,2025-02-04,2025-04-07,2025-02-04,2025-04-07,True,False,False,False,True,,keep
banco_empresa.db,universo_eletronica,315,315,FIABESA,804,1063,14927,05/02/2025,26/02/2025,900.0,PAGO,2025-02-05,2025-02-26,2025-02-05,2025-02-26,True,False,False,False,True,,keep
banco_empresa.db,universo_eletronica,316,316,OGGI,805,SNF,14926,06/02/2025,06/03/2025,500.0,PAGO,2025-02-06,2025-03-06,2025-02-06,2025-03-06,True,False,False,False,True,,keep
banco_empresa.db,universo_eletronica,317,317,MEXICHEN,819,1042,6426,07/02/2025,12/03/2025,13500.0,PAGO,2025-02-07,2025-03-12,2025-02-07,2025-03-12,True,False,False,False,True,,keep
banco_empresa.db,universo_eletronica,318,318,ASA,811,1045,10546,07/02/2025,03/03/2025,12000.0,PAGO,2025-02-07,2025-03-03,2025-02-07,2025-03-03,True,False,False,False,True,,keep
banco_empresa.db,universo_eletronica,319,319,ARA TEXTIL,SNF,1047 VENDA,OÇ 984 VENDA,07/02/2025,10/03/2025,3000.0,PAGO,2025-02-07,2025-03-10,2025-02-07,2025-03-10,True,False,False,False,True,,keep
banco_empresa.db,universo_eletronica,320,320,UNIVERSOR AUTOMAÇÃO,SNF,-,-,10/02/2025,10/02/2025,50000.0,PAGO,2025-02-10,2025-02-10,2025-02-10,2025-02-10,True,False,False,True,True,,separate_transfer
banco_empresa.db,universo_eletronica,321,321,MONDELEZ,809,1049 / 1050,14880 / 12650 / 12651,10/02/2025,10/06/2025,13000.0,PAGO,2025-02-10,2025-06-10,2025-02-10,2025-06-10,True,False,False,False,True,,keep
banco_empresa.db,universo_eletronica,322,322,ASA,812,1051,10544,10/02/2025,03/03/2025,13600.0,PAGO,2025-02-10,2025-03-03,2025-02-10,2025-03-03,True,False,False,False,True,,keep
banco_empresa.db,universo_eletronica,323,323,TOTAL PLAST,813,SNF,14913,11/02/2025,04/03/2025,6955.0,PAGO,2025-02-11,2025-03-04,2025-02-11,2025-03-04,True,False,False,False,True,,keep
banco_empresa.db,universo_eletronica,324,324,USINA SAO JOSE,814,SNF,14908,11/02/2025,17/03/2025,6859.0,PAGO,2025-02-11,2025-03-17,2025-02-11,2025-03-17,True,False,False,False,True,,keep
banco_empresa.db,universo_eletronica,325,325,NATO,815,1052,11577,11/02/2025,04/03/2025,4275.0,PAGO,2025-02-11,2025-03-04,2025-02-11,2025-03-04,True,False,False,False,True,,keep
banco_empresa.db,universo_eletronica,327,327,COR PLASTICK,817,SNF,13747,11/02/2025,13/03/2025,4500.0,PAGO,2025-02-11,2025-03-13,2025-02-11,2025-03-13,True,False,False,False,True,,keep
banco_empresa.db,universo_eletronica,328,328,COR PLASTICK,817,SNF,13747,11/02/2025,22/04/2025,4500.0,PAGO,2025-02-11,2025-04-22,2025-02-11,2025-04-22,True,False,False,False,True,,keep
banco_empresa.db,universo_eletronica,329,329,AMBEV,818,1048,14941,12/02/2025,01/04/2025,5000.0,PAGO,2025-02-12,2025-04-01,2025-02-12,2025-04-01,True,False,False,False,True,,keep
banco_empresa.db,universo_eletronica,330,330,PALMEIRON,820,SNF,14930,13/02/2025,24/02/2025,9000.0,PAGO,2025-02-13,2025-02-24,2025-02-13,2025-02-24,True,False,False,False,True,,keep
banco_empresa.db,universo_eletronica,331,331,ALPHA PLAST,821,1028,14903 / 14904,18/02/2025,20/03/2025,8500.0,PAGO,2025-02-18,2025-03-20,2025-02-18,2025-03-20,True,False,False,False,True,,keep
banco_empresa.db,universo_eletronica,332,332,ISIS,822,SNF,VENDA DE IHM OÇ 922,19/02/2025,06/03/2025,950.0,PAGO,2025-02-19,2025-03-06,2025-02-19,2025-03-06,True,False,False,False,True,,keep
banco_empresa.db,universo_eletronica,333,333,PINDORAMA,823,SNF,14855,20/02/2025,13/03/2025,4500.0,PAGO,2025-02-20,2025-03-13,2025-02-20,2025-03-13,True,False,False,False,True,,keep
banco_empresa.db,universo_eletronica,334,334,VENOSAN,847,1041 / 1053,13734 / 13735,01/04/2025,06/05/2025,1900.0,PAGO,2025-04-01,2025-05-06,2025-04-01,2025-05-06,True,False,False,False,True,,keep
banco_empresa.db,universo_eletronica,335,335,USINA SAO JOSE S/A,825,SNF,14836,24/02/2025,02/04/2025,18000.0,PAGO,2025-02-24,2025-04-02,2025-02-24,2025-04-02,True,False,False,False,True,,keep
banco_empresa.db,universo_eletronica,336,336,USINA SAO JOSE S/A,827,1055,14979,25/02/2025,27/03/2025,7578.94,PAGO,2025-02-25,2025-03-27,2025-02-25,2025-03-27,True,False,False,False,True,,keep
banco_empresa.db,universo_eletronica,337,337,ISIS,828,SNF,15002,26/02/2025,19/03/2025,1175.0,PAGO,2025-02-26,2025-03-19,2025-02-26,2025-03-19,True,False,False,False,True,,keep
banco_empresa.db,universo_eletronica,338,338,ISIS,828,SNF,15002,27/02/2025,09/04/2025,1175.0,PAGO,2025-02-27,2025-04-09,2025-02-27,2025-04-09,True,False,False,False,True,,keep
banco_empresa.db,universo_eletronica,339,339,EDK,829,SNF,15000 / OÇ 997,26/02/2025,13/04/2025,1750.0,PAGO,2025-02-26,2025-04-13,2025-02-26,2025-04-13,True,False,False,False,True,,keep
banco_empresa.db,universo_eletronica,340,340,USINA SAO JOSE S/A,830,1062,14980,27/02/2025,29/03/2025,1421.05,PAGO,2025-02-27,2025-03-29,2025-02-27,2025-03-29,True,False,False,False,True,,keep
banco_empresa.db,universo_eletronica,341,341,ALPAGARTAS,836,1072,14989,12/03/2025,22/04/2025,5000.0,PAGO,2025-03-12,2025-04-22,2025-03-12,2025-04-22,True,False,False,False,True,,keep
banco_empresa.db,universo_eletronica,342,342,ALPAGARTAS,838,1081,15022,14/03/2025,08/04/2025,4500.0,PAGO,2025-03-14,2025-04-08,2025-03-14,2025-04-08,True,False,False,False,True,,keep
banco_empresa.db,universo_eletronica,343,343,ALPAGARTAS,SNF,1077 - VENDA,OÇ -1003,13/02/2025,22/04/2025,750.0,PAGO,2025-02-13,2025-04-22,2025-02-13,2025-04-22,True,False,False,False,True,,keep
banco_empresa.db,universo_eletronica,344,344,ALPAGARTAS,SNF,1078 - VENDA,OÇ -1003,14/02/2025,22/04/2025,750.0,PAGO,2025-02-14,2025-04-22,2025-02-14,2025-04-22,True,False,False,False,True,,keep
banco_empresa.db,universo_eletronica,345,345,MONDELEZ,839,1083,15050,17/03/2025,15/07/2025,18230.0,PAGO,2025-03-17,2025-07-15,2025-03-17,2025-07-15,True,False,False,False,True,,keep
banco_empresa.db,universo_eletronica,346,346,HENRIQUE,RECIBO,SNF,-15058,17/03/2025,18/03/2025,2000.0,PAGO,2025-03-17,2025-03-18,2025-03-17,2025-03-18,True,False,False,False,True,,keep
banco_empresa.db,universo_eletronica,347,347,GRAFICA SANTA MARTA,844,SNF,15093,21/03/2025,15/05/2025,6650.0,PAGO,2025-03-21,2025-05-15,2025-03-21,2025-05-15,True,False,False,False,True,,keep
banco_empresa.db,universo_eletronica,348,348,GRAFICA SANTA MARTA,844,SNF,15093,21/03/2025,20/05/2025,6650.0,PAGO,2025-03-21,2025-05-20,2025-03-21,2025-05-20,True,False,False,False,True,,keep
banco_empresa.db,universo_eletronica,349,349,ISIS,833,SNF,15036,06/03/2025,27/03/2025,1500.0,PAGO,2025-03-06,2025-03-27,2025-03-06,2025-03-27,True,False,False,False,True,,keep
banco_empresa.db,universo_eletronica,350,350,ASA,835,1063,10547,07/03/2025,07/04/2025,8500.0,PAGO,2025-03-07,2025-04-07,2025-03-07,2025-04-07,True,False,False,False,True,,keep
banco_empresa.db,universo_eletronica,351,351,ARA TEXTIL,SNF,1069,VENDA DE INVERSOR,10/03/2025,09/04/2025,10000.0,PAGO,2025-03-10,2025-04-09,2025-03-10,2025-04-09,True,False,False,False,True,,keep
banco_empresa.db,universo_eletronica,352,352,USINA GIASA,846,1088,15020,01/04/2025,01/05/2025,5700.0,PAGO,2025-04-01,2025-05-01,2025-04-01,2025-05-01,True,False,False,False,True,,keep
banco_empresa.db,universo_eletronica,353,353,ARA TEXTIL,848,SNF,OÇ 1007 - ALUGUEL,01/04/2025,01/05/2025,3000.0,PAGO,2025-04-01,2025-05-01,2025-04-01,2025-05-01,True,False,False,False,True,,keep
banco_empresa.db,universo_eletronica,354,354,MONDELEZ,849,1092,15088,01/04/2025,03/08/2025,2000.0,PAGO,2025-04-01,2025-08-03,2025-04-01,2025-08-03,True,False,False,False,True,,keep
banco_empresa.db,universo_eletronica,355,355,FIABESA,851,1093,15082,01/04/2025,22/04/2025,1500.0,PAGO,2025-04-01,2025-04-22,2025-04-01,2025-04-22,True,False,False,False,True,,keep
banco_empresa.db,universo_eletronica,356,356,CORR PLASTIK,852,SNF,15027,01/04/2025,29/04/2025,4500.0,PAGO,2025-04-01,2025-04-29,2025-04-01,2025-04-29,True,False,False,False,True,,keep
banco_empresa.db,universo_eletronica,357,357,CORR PLASTIK,852,SNF,15027,02/04/2025,12/05/2025,4500.0,PAGO,2025-04-02,2025-05-12,2025-04-02,2025-05-12,True,False,False,False,True,,keep
banco_empresa.db,universo_eletronica,358,358,CORR PLASTIK,853,SNF,15095,02/04/2025,29/04/2025,4500.0,PAGO,2025-04-02,2025-04-29,2025-04-02,2025-04-29,True,False,False,False,True,,keep
banco_empresa.db,universo_eletronica,359,359,CORR PLASTIK,853,SNF,15095,02/04/2025,02/06/2025,4500.0,PAGO,2025-04-02,2025-06-02,2025-04-02,2025-06-02,True,False,False,False,True,,keep
banco_empresa.db,universo_eletronica,360,360,FIABESA,855,1097,17120,07/04/2025,28/04/2025,980.0,PAGO,2025-04-07,2025-04-28,2025-04-07,2025-04-28,True,False,False,False,True,,keep
banco_empresa.db,universo_eletronica,361,361,USINA SÃO JOSÉ,856,SNF,15059,07/04/2025,07/05/2025,23750.0,PAGO,2025-04-07,2025-05-07,2025-04-07,2025-05-07,True,False,False,False,True,,keep
banco_empresa.db,universo_eletronica,362,362,ISIS,857,SNF,OÇ 1025,10/04/2025,15/04/2025,7125.0,PAGO,2025-04-10,2025-04-15,2025-04-10,2025-04-15,True,False,False,False,True,,keep
banco_empresa.db,universo_eletronica,363,363,ISIS,857,SNF,OÇ 1026,11/04/2025,12/05/2025,7125.0,PAGO,2025-04-11,2025-05-12,2025-04-11,2025-05-12,True,False,False,False,True,,keep
banco_empresa.db,universo_eletronica,364,364,USINA GIASA,858,1104,17116,11/04/2025,02/05/2025,6000.0,PAGO,2025-04-11,2025-05-02,2025-04-11,2025-05-02,True,False,False,False,True,,keep
banco_empresa.db,universo_eletronica,365,365,UNIVERSO AUTOMAÇÃO,-,-,-,14/04/2025,14/04/2025,20000.0,PAGO,2025-04-14,2025-04-14,2025-04-14,2025-04-14,True,False,False,True,True,,separate_transfer
banco_empresa.db,universo_eletronica,366,366,CAMPARI,860,SNF,17136,15/04/2025,20/06/2025,3500.0,PAGO,2025-04-15,2025-06-20,2025-04-15,2025-06-20,True,False,False,False,True,,keep
banco_empresa.db,universo_eletronica,367,367,USINA MONTE ALEGRE,861,SNF,14951,15/04/2025,15/05/2025,950.0,PAGO,2025-04-15,2025-05-15,2025-04-15,2025-05-15,True,False,False,False,True,,keep
banco_empresa.db,universo_eletronica,368,368,FIABESA,862,1109,17126,16/04/2025,07/05/2025,1500.0,PAGO,2025-04-16,2025-05-07,2025-04-16,2025-05-07,True,False,False,False,True,,keep
banco_empresa.db,universo_eletronica,371,371,INGREDION,867,SNF,14944,22/04/2025,04/06/2025,600.0,PAGO,2025-04-22,2025-06-04,2025-04-22,2025-06-04,True,False,False,False,True,,keep
banco_empresa.db,universo_eletronica,373,373,DEXCO,870,-,15028,02/05/2025,01/07/2025,950.0,PAGO,2025-05-02,2025-07-01,2025-05-02,2025-07-01,True,False,False,False,True,,keep
banco_empresa.db,universo_eletronica,374,374,USINA GIASA,873,1105,17117,06/05/2025,27/05/2025,6000.0,PAGO,2025-05-06,2025-05-27,2025-05-06,2025-05-27,True,False,False,False,True,,keep
banco_empresa.db,universo_eletronica,375,375,GRAFICA SANTA MARTA,875,1115,17213,06/05/2025,05/06/2025,4332.0,PAGO,2025-05-06,2025-06-05,2025-05-06,2025-06-05,True,False,False,False,True,,keep
banco_empresa.db,universo_eletronica,376,376,GRAFICA SANTA MARTA,875,1115,17213,06/05/2025,20/06/2025,4332.0,PAGO,2025-05-06,2025-06-20,2025-05-06,2025-06-20,True,False,False,False,True,,keep
banco_empresa.db,universo_eletronica,377,377,ASA,876,1116,15081,07/05/2025,03/06/2025,2850.0,PAGO,2025-05-07,2025-06-03,2025-05-07,2025-06-03,True,False,False,False,True,,keep
banco_empresa.db,universo_eletronica,378,378,VENOSAN,877,1040 / 1070,14925 / 14873 / 14924,07/05/2025,28/05/2025,7125.0,PAGO,2025-05-07,2025-05-28,2025-05-07,2025-05-28,True,False,False,False,True,,keep
banco_empresa.db,universo_eletronica,379,379,AMBEV,878,1119,17165,01/06/2025,01/07/2025,9000.0,PAGO,2025-06-01,2025-07-01,2025-06-01,2025-07-01,True,False,False,False,True,,keep
banco_empresa.db,universo_eletronica,380,380,DEXCO,879,1111,17191,13/05/2025,14/07/2025,950.0,PAGO,2025-05-13,2025-07-14,2025-05-13,2025-07-14,True,False,False,False,True,,keep
banco_empresa.db,universo_eletronica,381,381,ALPHA PLAST,892,1148,17248 / 17249,28/05/2025,18/06/2025,1330.0,PAGO,2025-05-28,2025-06-18,2025-05-28,2025-06-18,True,False,False,False,True,,keep
banco_empresa.db,universo_eletronica,382,382,DEXCO,893,1126,17176,02/06/2025,04/08/2025,2565.0,PAGO,2025-06-02,2025-08-04,2025-06-02,2025-08-04,True,False,False,False,True,,keep
banco_empresa.db,universo_eletronica,383,383,GRAFICA SANTA MARTA,SNF,1160,OÇ 1043,04/06/2025,04/07/2025,6334.0,PAGO,2025-06-04,2025-07-04,2025-06-04,2025-07-04,True,False,False,False,True,,keep
banco_empresa.db,universo_eletronica,384,384,GRAFICA SANTA MARTA,SNF,1160,OÇ 1044,05/06/2025,26/08/2025,6334.0,PAGO,2025-06-05,2025-08-26,2025-06-05,2025-08-26,True,False,False,False,True,,keep
banco_empresa.db,universo_eletronica,385,385,GRAFICA SANTA MARTA,SNF,1160,OÇ 1045,06/06/2025,23/09/2025,6332.0,PAGO,2025-06-06,2025-09-23,2025-06-06,2025-09-23,True,False,False,False,True,,keep
banco_empresa.db,universo_eletronica,386,386,FIABESA,895,1161,15083,04/06/2025,02/07/2025,1500.0,PAGO,2025-06-04,2025-07-02,2025-06-04,2025-07-02,True,False,False,False,True,,keep
banco_empresa.db,universo_eletronica,387,387,UNIVERSO AUTOMAÇÃO,SNF,SNF,-,09/06/2025,09/06/2025,50000.0,PAGO,2025-06-09,2025-06-09,2025-06-09,2025-06-09,True,False,False,True,True,,separate_transfer
banco_empresa.db,universo_eletronica,388,388,GRAFICA SANTA MARTA,899,SNF,1029/1030,17/06/2025,18/07/2025,8027.5,PAGO,2025-06-17,2025-07-18,2025-06-17,2025-07-18,True,False,False,False,True,,keep
banco_empresa.db,universo_eletronica,389,389,PALMEIRON,901,AG NF,18327,19/06/2025,04/08/2025,36000.0,PAGO,2025-06-19,2025-08-04,2025-06-19,2025-08-04,True,False,False,False,True,,keep
banco_empresa.db,universo_eletronica,390,390,EDK,922,1192,19395 / 19376,15/07/2025,29/08/2025,5913.6,PAGO,2025-07-15,2025-08-29,2025-07-15,2025-08-29,True,False,False,False,True,,keep
banco_empresa.db,universo_eletronica,391,391,AMBEV,907,1176,17163 / 17164,01/07/2025,01/08/2025,18000.0,PAGO,2025-07-01,2025-08-01,2025-07-01,2025-08-01,True,False,False,False,True,,keep
banco_empresa.db,universo_eletronica,392,392,ALPARGATAS,908,1178,17245,01/07/2025,29/09/2025,5811.14,PAGO,2025-07-01,2025-09-29,2025-07-01,2025-09-29,True,False,False,False,True,,keep
banco_empresa.db,universo_eletronica,393,393,T&A,909,1170,17251,01/07/2025,07/08/2025,2000.0,PAGO,2025-07-01,2025-08-07,2025-07-01,2025-08-07,True,False,False,False,True,,keep
banco_empresa.db,universo_eletronica,394,394,T&A,909,1170,17251,01/07/2025,15/08/2025,2000.0,PAGO,2025-07-01,2025-08-15,2025-07-01,2025-08-15,True,False,False,False,True,,keep
banco_empresa.db,universo_eletronica,395,395,M DIAS,914,AG NF,19346,02/07/2025,31/07/2025,10000.0,PAGO,2025-07-02,2025-07-31,2025-07-02,2025-07-31,True,False,False,False,True,,keep
banco_empresa.db,universo_eletronica,396,396,PALMEIRON,919,1189,14985,07/10/2025,03/08/2025,1900.6,PAGO,2025-10-07,2025-08-03,2025-10-07,2025-08-03,True,False,False,False,True,,keep
banco_empresa.db,universo_eletronica,397,397,PALMEIRON,923,SNF,OÇ 1052,17/07/2025,16/08/2025,5700.0,PAGO,2025-07-17,2025-08-16,2025-07-17,2025-08-16,True,False,False,False,True,,keep
banco_empresa.db,universo_eletronica,398,398,ISOESTE,925,SNF,19404,18/07/2025,14/08/2025,2800.0,PAGO,2025-07-18,2025-08-14,2025-07-18,2025-08-14,True,False,False,False,True,,keep
banco_empresa.db,universo_eletronica,399,399,COOR PLASTIK,928,1202,19434,22/07/2025,21/08/2025,4900.0,PAGO,2025-07-22,2025-08-21,2025-07-22,2025-08-21,True,False,False,False,True,,keep
banco_empresa.db,universo_eletronica,400,400,COOR PLASTIK,928,1202,19434,22/07/2025,01/09/2025,4900.0,PAGO,2025-07-22,2025-09-01,2025-07-22,2025-09-01,True,False,False,False,True,,keep
banco_empresa.db,universo_eletronica,401,401,INGREDION,SNF,1215,VENDA,31/07/2025,29/09/2025,2580.0,PAGO,2025-07-31,2025-09-29,2025-07-31,2025-09-29,True,False,False,False,True,,keep
banco_empresa.db,universo_eletronica,402,402,FIABESA,921,1186,19380,15/07/2025,22/08/2025,1755.0,PAGO,2025-07-15,2025-08-22,2025-07-15,2025-08-22,True,False,False,False,True,,keep
banco_empresa.db,universo_eletronica,403,403,CAMAPÁRI,930,SNF,18308,01/08/2025,03/10/2025,1600.0,PAGO,2025-08-01,2025-10-03,2025-08-01,2025-10-03,True,False,False,False,True,,keep
banco_empresa.db,universo_eletronica,404,404,DEXCO PB,931,1146 / 1188 / 12/03,OÇ 17168/ 17173 / 17169,01/08/2025,30/09/2025,5000.0,PAGO,2025-08-01,2025-09-30,2025-08-01,2025-09-30,True,False,False,False,True,,keep
banco_empresa.db,universo_eletronica,406,406,FIABESA,933,1206,149460 / 19459,01/08/2025,22/08/2025,780.0,PAGO,2025-08-01,2025-08-22,2025-08-01,2025-08-22,True,False,False,False,True,,keep
banco_empresa.db,universo_eletronica,407,407,FIABESA,934,1195,19426,01/08/2025,22/08/2025,1850.0,PAGO,2025-08-01,2025-08-22,2025-08-01,2025-08-22,True,False,False,False,True,,keep
banco_empresa.db,universo_eletronica,408,408,CORR PLASTIK,935,1222,19405,05/08/2025,02/09/2025,1500.0,PAGO,2025-08-05,2025-09-02,2025-08-05,2025-09-02,True,False,False,False,True,,keep
banco_empresa.db,universo_eletronica,409,409,CORR PLASTIK,935,1222,19405,05/08/2025,09/09/2025,1500.0,PAGO,2025-08-05,2025-09-09,2025-08-05,2025-09-09,True,False,False,False,True,,keep
banco_empresa.db,universo_eletronica,410,410,ALPHA PLAST,937,1187,19392,12/08/2025,03/09/2025,1230.0,PAGO,2025-08-12,2025-09-03,2025-08-12,2025-09-03,True,False,False,False,True,,keep
banco_empresa.db,universo_eletronica,411,411,USINA GIASA,938,1223,19498,12/08/2025,02/09/2025,5115.0,PAGO,2025-08-12,2025-09-02,2025-08-12,2025-09-02,True,False,False,False,True,,keep
banco_empresa.db,universo_eletronica,412,412,PALMEIRON,939,1208,OÇ 1069,13/08/2025,23/09/2025,2500.02,PAGO,2025-08-13,2025-09-23,2025-08-13,2025-09-23,True,False,False,False,True,,keep
banco_empresa.db,universo_eletronica,413,413,USINA ESTIVAS,940,1237,19457,14/08/2025,12/09/2025,27500.0,PAGO,2025-08-14,2025-09-12,2025-08-14,2025-09-12,True,False,False,False,True,,keep
banco_empresa.db,universo_eletronica,414,414,USINA ESTIVAS,940,1237,19457,14/08/2025,13/10/2025,27500.0,PAGO,2025-08-14,2025-10-13,2025-08-14,2025-10-13,True,False,False,False,True,,keep
banco_empresa.db,universo_eletronica,415,415,USINA ESTIVAS,941,1237,19466,14/08/2025,13/09/2025,25000.0,PAGO,2025-08-14,2025-09-13,2025-08-14,2025-09-13,True,False,False,False,True,,keep
banco_empresa.db,universo_eletronica,416,416,USINA ESTIVAS,941,1237,19466,14/08/2025,13/10/2025,25000.0,PAGO,2025-08-14,2025-10-13,2025-08-14,2025-10-13,True,False,False,False,True,,keep
banco_empresa.db,universo_eletronica,417,417,ACHÉ,SNF,1240,OÇ 1048,18/08/2025,02/11/2025,4000.0,PAGO,2025-08-18,2025-11-02,2025-08-18,2025-11-02,True,False,False,False,True,,keep
banco_empresa.db,universo_eletronica,418,418,USINA SÃO JOSÉ S/A,943,1238,19522,18/08/2025,17/09/2025,5639.6,PAGO,2025-08-18,2025-09-17,2025-08-18,2025-09-17,True,False,False,False,True,,keep
banco_empresa.db,universo_eletronica,419,419,FIABESA,944,1217,14937,18/08/2025,08/09/2025,2500.0,PAGO,2025-08-18,2025-09-08,2025-08-18,2025-09-08,True,False,False,False,True,,keep
banco_empresa.db,universo_eletronica,420,420,ALPARGATAS SANTA RITA,945,1243,15105,15/09/2025,13/10/2025,22652.1,PAGO,2025-09-15,2025-10-13,2025-09-15,2025-10-13,True,False,False,False,True,,keep
banco_empresa.db,universo_eletronica,421,421,NORAL,RECIBO,SNF,19420,21/08/2025,21/08/2025,4550.0,PAGO,2025-08-21,2025-08-21,2025-08-21,2025-08-21,True,False,False,False,True,,keep
banco_empresa.db,universo_eletronica,422,422,USINA SAO JOSE SA,946,1242,19523,25/08/2025,24/09/2025,9500.0,PAGO,2025-08-25,2025-09-24,2025-08-25,2025-09-24,True,False,False,False,True,,keep
banco_empresa.db,universo_eletronica,423,423,CORR PLASTIK,957,1255,20555,03/09/2025,03/10/2025,5500.0,PAGO,2025-09-03,2025-10-03,2025-09-03,2025-10-03,True,False,False,False,True,,keep
banco_empresa.db,universo_eletronica,424,424,T&A,951,1251,19345,01/09/2025,16/10/2025,2000.0,PAGO,2025-09-01,2025-10-16,2025-09-01,2025-10-16,True,False,False,False,True,,keep
banco_empresa.db,universo_eletronica,425,425,ISOESTE,954,SNF,19441 / 19445,01/09/2025,01/10/2025,2635.0,PAGO,2025-09-01,2025-10-01,2025-09-01,2025-10-01,True,False,False,False,True,,keep
banco_empresa.db,universo_eletronica,426,426,USINA ESTIVAS,963,1246,19464,09/12/2025,10/12/2025,25000.0,PAGO,2025-12-09,2025-12-10,2025-12-09,2025-12-10,True,False,False,False,True,,keep
banco_empresa.db,universo_eletronica,427,427,USINA ESTIVAS,963,1246,19464,10/12/2025,11/11/2025,25000.0,PAGO,2025-12-10,2025-11-11,2025-12-10,2025-11-11,True,False,False,False,True,,keep
banco_empresa.db,universo_eletronica,428,428,UNIVERSOR AUTOMAÇÃO,-,-,-,16/09/2025,16/09/2025,50000.0,PAGO,2025-09-16,2025-09-16,2025-09-16,2025-09-16,True,False,False,True,True,,separate_transfer
banco_empresa.db,universo_eletronica,429,429,MEXICHEN,987,SNF,1067,15/10/2025,11/12/2025,1000.0,PAGO,2025-10-15,2025-12-11,2025-10-15,2025-12-11,True,False,False,False,True,,keep
banco_empresa.db,universo_eletronica,430,430,USINA ESTIVAS,971,1204,OÇ 1070,01/10/2025,31/10/2025,10200.0,PAGO,2025-10-01,2025-10-31,2025-10-01,2025-10-31,True,False,False,False,True,,keep
banco_empresa.db,universo_eletronica,431,431,INGREDION,973,SNF,24617,01/10/2025,22/10/2025,2600.0,PAGO,2025-10-01,2025-10-22,2025-10-01,2025-10-22,True,False,False,False,True,,keep
banco_empresa.db,universo_eletronica,432,432,ASA,975,SNF,19503,01/10/2025,03/11/2025,2135.0,PAGO,2025-10-01,2025-11-03,2025-10-01,2025-11-03,True,False,False,False,True,,keep
banco_empresa.db,universo_eletronica,433,433,ASA,979,1286,19463,07/10/2025,03/11/2025,14192.6,PAGO,2025-10-07,2025-11-03,2025-10-07,2025-11-03,True,False,False,False,True,,keep
banco_empresa.db,universo_eletronica,434,434,USINA SÃO JOSÉ S/A,982,1290,21575,08/10/2025,07/11/2025,2500.0,PAGO,2025-10-08,2025-11-07,2025-10-08,2025-11-07,True,False,False,False,True,,keep
banco_empresa.db,universo_eletronica,435,435,USINA SÃO JOSÉ S/A,983,SNF,24620,09/10/2025,07/11/2025,15351.32,PAGO,2025-10-09,2025-11-07,2025-10-09,2025-11-07,True,False,False,False,True,,keep
banco_empresa.db,universo_eletronica,436,436,DEXCO CABO,994,SNF,1084,24/10/2025,24/11/2025,16660.0,PAGO,2025-10-24,2025-11-24,2025-10-24,2025-11-24,True,False,False,False,True,,keep
banco_empresa.db,universo_eletronica,437,437,USINA GIASA,998,1310,24672,03/11/2025,03/12/2025,5000.0,PAGO,2025-11-03,2025-12-03,2025-11-03,2025-12-03,True,False,False,False,True,,keep
banco_empresa.db,universo_eletronica,438,438,FIABESA,1002,1244,19381,03/11/2025,24/11/2025,500.0,PAGO,2025-11-03,2025-11-24,2025-11-03,2025-11-24,True,False,False,False,True,,keep
banco_empresa.db,universo_eletronica,440,440,FIABESA,1004,1311,19348,03/11/2025,24/11/2025,2100.0,PAGO,2025-11-03,2025-11-24,2025-11-03,2025-11-24,True,False,False,False,True,,keep
banco_empresa.db,universo_eletronica,441,441,ASA,1005,1304 / 1305/ / 1307 / 1308,OÇ 1095,03/11/2025,03/12/2025,24000.0,PAGO,2025-11-03,2025-12-03,2025-11-03,2025-12-03,True,False,False,False,True,,keep
banco_empresa.db,universo_eletronica,442,442,MEXICHEN,35,1372,27811,05/01/2026,03/02/2026,1000.0,PAGO,2026-01-05,2026-02-03,2026-01-05,2026-02-03,True,False,False,False,True,,keep
banco_empresa.db,universo_eletronica,443,443,USINA SÃO JOSE SA,37,1365,28841,06/01/2026,27/01/2026,5244.0,PAGO,2026-01-06,2026-01-27,2026-01-06,2026-01-27,True,False,False,False,True,,keep
banco_empresa.db,universo_eletronica,444,444,COAF CRUANGI,48,1390,28872,20/01/2026,19/02/2026,28500.0,PAGO,2026-01-20,2026-02-19,2026-01-20,2026-02-19,True,False,False,False,True,,keep
banco_empresa.db,universo_eletronica,445,445,VENOSAN,831,1038,14872,06/03/2025,07/04/2025,2850.0,PAGO,2025-03-06,2025-04-07,2025-03-06,2025-04-07,True,False,False,False,True,,keep
banco_empresa.db,universo_eletronica,446,446,VENOSAN,885,SNF,734,22/05/2025,30/05/2025,760.0,PAGO,2025-05-22,2025-05-30,2025-05-22,2025-05-30,True,False,False,False,True,,keep
banco_empresa.db,universo_eletronica,447,447,ELIVERTON,834,SNF,14998,07/03/2025,01/04/2025,3500.0,PAGO,2025-03-07,2025-04-01,2025-03-07,2025-04-01,True,False,False,False,True,,keep
banco_empresa.db,universo_eletronica,448,448,ENVASE,837,SNF,15024,12/02/2025,05/04/2025,3000.0,PAGO,2025-02-12,2025-04-05,2025-02-12,2025-04-05,True,False,False,False,True,,keep
banco_empresa.db,universo_eletronica,449,449,ISIS,840,SNF,15090,18/03/2025,17/04/2025,900.0,PAGO,2025-03-18,2025-04-17,2025-03-18,2025-04-17,True,False,False,False,True,,keep
banco_empresa.db,universo_eletronica,450,450,USINA SÃO JOSE IRRIGAÇÃ,841,SNF,15021,20/03/2025,19/04/2025,20425.0,PAGO,2025-03-20,2025-04-19,2025-03-20,2025-04-19,True,False,False,False,True,,keep
banco_empresa.db,universo_eletronica,451,451,CONPEL,842,SNF,15011,20/03/2025,10/04/2025,1500.0,PAGO,2025-03-20,2025-04-10,2025-03-20,2025-04-10,True,False,False,False,True,,keep
banco_empresa.db,universo_eletronica,453,453,TOTAL PLAST,843,SNF,14917,21/03/2025,21/04/2025,6350.0,PAGO,2025-03-21,2025-04-21,2025-03-21,2025-04-21,True,False,False,False,True,,keep
banco_empresa.db,universo_eletronica,454,454,ISIS,845,SNF,15023,26/03/2025,16/04/2025,875.0,PAGO,2025-03-26,2025-04-16,2025-03-26,2025-04-16,True,False,False,False,True,,keep
banco_empresa.db,universo_eletronica,455,455,ISIS,845,SNF,15023,27/03/2025,08/05/2025,875.0,PAGO,2025-03-27,2025-05-08,2025-03-27,2025-05-08,True,False,False,False,True,,keep
banco_empresa.db,universo_eletronica,456,456,DDPARTS,SNF,SNF,VENDA DE PLACA,26/03/2025,26/03/2025,1700.0,PAGO,2025-03-26,2025-03-26,2025-03-26,2025-03-26,True,False,False,False,True,,keep
banco_empresa.db,universo_eletronica,457,457,ALPHA PLAST,850,1058,14976 / 14978 / 149479,01/04/2025,22/04/2025,2100.0,PAGO,2025-04-01,2025-04-22,2025-04-01,2025-04-22,True,False,False,False,True,,keep
banco_empresa.db,universo_eletronica,458,458,IPM,SNF,1095,1042 - VENDA,02/04/2025,02/05/2025,2800.0,PAGO,2025-04-02,2025-05-02,2025-04-02,2025-05-02,True,False,False,False,True,,keep
banco_empresa.db,universo_eletronica,459,459,MONDELEZ,854,1096,15111,03/04/2025,28/04/2025,7648.12,PAGO,2025-04-03,2025-04-28,2025-04-03,2025-04-28,True,False,False,False,True,,keep
banco_empresa.db,universo_eletronica,460,460,IF DOS SANTOS,SNF,SNF,14972,07/04/2025,07/04/2025,5000.0,PAGO,2025-04-07,2025-04-07,2025-04-07,2025-04-07,True,False,False,False,True,,keep
banco_empresa.db,universo_eletronica,461,461,UNIVERSO ELETRONICA,SNF,SNF,-,09/04/2025,09/04/2025,20000.0,PAGO,2025-04-09,2025-04-09,2025-04-09,2025-04-09,True,False,False,True,True,,separate_transfer
banco_empresa.db,universo_eletronica,462,462,MONDELEZ,859,1107,14942,11/04/2025,19/05/2025,15000.0,PAGO,2025-04-11,2025-05-19,2025-04-11,2025-05-19,True,False,False,False,True,,keep
banco_empresa.db,universo_eletronica,463,463,VITRIUM,865,SNF,14955 / 14956,22/04/2025,28/04/2025,8000.0,PAGO,2025-04-22,2025-04-28,2025-04-22,2025-04-28,True,False,False,False,True,,keep
banco_empresa.db,universo_eletronica,464,464,BOKUS,866,SNF,17122 / 17123,22/04/2025,22/05/2025,5000.0,PAGO,2025-04-22,2025-05-22,2025-04-22,2025-05-22,True,False,False,False,True,,keep
banco_empresa.db,universo_eletronica,465,465,BOKUS,866,SNF,17123 / 17123,22/04/2025,06/06/2025,5000.0,PAGO,2025-04-22,2025-06-06,2025-04-22,2025-06-06,True,False,False,False,True,,keep
banco_empresa.db,universo_eletronica,466,466,ARLA,868,SNF,1028 OÇ,23/04/2025,06/05/2025,1900.0,PAGO,2025-04-23,2025-05-06,2025-04-23,2025-05-06,True,False,False,False,True,,keep
banco_empresa.db,universo_eletronica,467,467,RENEST,869,SNF,15096,02/05/2025,23/05/2025,4500.0,PAGO,2025-05-02,2025-05-23,2025-05-02,2025-05-23,True,False,False,False,True,,keep
banco_empresa.db,universo_eletronica,468,468,ARA TEXTIL,872,1114,15019,05/05/2025,26/05/2025,2000.0,PAGO,2025-05-05,2025-05-26,2025-05-05,2025-05-26,True,False,False,False,True,,keep
banco_empresa.db,universo_eletronica,469,469,ISIS,874,SNF,17184,06/05/2025,27/05/2025,1425.0,PAGO,2025-05-06,2025-05-27,2025-05-06,2025-05-27,True,False,False,False,True,,keep
banco_empresa.db,universo_eletronica,470,470,ISIS,881,SNF,OÇ 1034,16/05/2025,06/06/2025,1425.0,PAGO,2025-05-16,2025-06-06,2025-05-16,2025-06-06,True,False,False,False,True,,keep
banco_empresa.db,universo_eletronica,471,471,MONDELEZ,880,1129,17243 / 17244,14/05/2025,28/05/2025,3801.6,PAGO,2025-05-14,2025-05-28,2025-05-14,2025-05-28,True,False,False,False,True,,keep
banco_empresa.db,universo_eletronica,472,472,COR PLASTIK,883,SNF,17118,19/05/2025,16/06/2025,1750.0,PAGO,2025-05-19,2025-06-16,2025-05-19,2025-06-16,True,False,False,False,True,,keep
banco_empresa.db,universo_eletronica,473,473,COR PLASTIK,883,SNF,17118,19/05/2025,23/06/2025,1750.0,PAGO,2025-05-19,2025-06-23,2025-05-19,2025-06-23,True,False,False,False,True,,keep
banco_empresa.db,universo_eletronica,474,474,FIBRASA,884,1135,17260,20/05/2025,11/06/2025,4750.0,PAGO,2025-05-20,2025-06-11,2025-05-20,2025-06-11,True,False,False,False,True,,keep
banco_empresa.db,universo_eletronica,475,475,ISIS,886,SNF,17184,23/05/2025,13/06/2025,1000.0,PAGO,2025-05-23,2025-06-13,2025-05-23,2025-06-13,True,False,False,False,True,,keep
banco_empresa.db,universo_eletronica,476,476,COR PLASTIK,887,1136,17264,23/05/2025,22/06/2025,3500.0,PAGO,2025-05-23,2025-06-22,2025-05-23,2025-06-22,True,False,False,False,True,,keep
banco_empresa.db,universo_eletronica,477,477,NOVA CONPEL,888,SNF,17281,26/05/2025,25/06/2025,1109.0,PAGO,2025-05-26,2025-06-25,2025-05-26,2025-06-25,True,False,False,False,True,,keep
banco_empresa.db,universo_eletronica,478,478,NOVA CONPEL,888,SNF,17281,27/05/2025,10/07/2025,1109.0,PAGO,2025-05-27,2025-07-10,2025-05-27,2025-07-10,True,False,False,False,True,,keep
banco_empresa.db,universo_eletronica,479,479,NOVA CONPEL,888,SNF,17281,28/05/2025,25/07/2025,1109.0,PAGO,2025-05-28,2025-07-25,2025-05-28,2025-07-25,True,False,False,False,True,,keep
banco_empresa.db,universo_eletronica,480,480,NOVA CONPEL,889,SNF,17205,27/05/2025,26/06/2025,887.0,PAGO,2025-05-27,2025-06-26,2025-05-27,2025-06-26,True,False,False,False,True,,keep
banco_empresa.db,universo_eletronica,481,481,NOVA CONPEL,889,SNF,17205,27/05/2025,24/07/2025,887.0,PAGO,2025-05-27,2025-07-24,2025-05-27,2025-07-24,True,False,False,False,True,,keep
banco_empresa.db,universo_eletronica,482,482,NOVA CONPEL,889,SNF,17205,27/05/2025,25/08/2025,886.0,PAGO,2025-05-27,2025-08-25,2025-05-27,2025-08-25,True,False,False,False,True,,keep
banco_empresa.db,universo_eletronica,483,483,FIBRASA,890,1140,17261,27/05/2025,11/06/2025,4750.0,PAGO,2025-05-27,2025-06-11,2025-05-27,2025-06-11,True,False,False,False,True,,keep
banco_empresa.db,universo_eletronica,484,484,NOVA CONPEL,891,SNF,14997,28/05/2025,27/06/2025,5000.0,PAGO,2025-05-28,2025-06-27,2025-05-28,2025-06-27,True,False,False,False,True,,keep
banco_empresa.db,universo_eletronica,485,485,NOVA CONPEL,891,SNF,14997,28/05/2025,27/07/2025,5000.0,PAGO,2025-05-28,2025-07-27,2025-05-28,2025-07-27,True,False,False,False,True,,keep
banco_empresa.db,universo_eletronica,486,486,NOVA CONPEL,891,SNF,14997,28/05/2025,26/08/2025,5000.0,PAGO,2025-05-28,2025-08-26,2025-05-28,2025-08-26,True,False,False,False,True,,keep
banco_empresa.db,universo_eletronica,487,487,NOVA CONPEL,891,SNF,14997,28/05/2025,25/09/2025,5000.0,PAGO,2025-05-28,2025-09-25,2025-05-28,2025-09-25,True,False,False,False,True,,keep
banco_empresa.db,universo_eletronica,488,488,BOKUS,894,SNF,17252/ 17253 / 17254,04/06/2025,04/08/2025,2660.0,PAGO,2025-06-04,2025-08-04,2025-06-04,2025-08-04,True,False,False,False,True,,keep
banco_empresa.db,universo_eletronica,489,489,MONDELEZ,898,1166,18328,13/06/2025,25/06/2025,23730.0,PAGO,2025-06-13,2025-06-25,2025-06-13,2025-06-25,True,False,False,False,True,,keep
banco_empresa.db,universo_eletronica,490,490,ISIS,900,SNF,17198,18/06/2025,10/07/2025,1075.0,PAGO,2025-06-18,2025-07-10,2025-06-18,2025-07-10,True,False,False,False,True,,keep
banco_empresa.db,universo_eletronica,491,491,ISIS,900,SNF,17198,18/06/2025,31/07/2025,1075.0,PAGO,2025-06-18,2025-07-31,2025-06-18,2025-07-31,True,False,False,False,True,,keep
banco_empresa.db,universo_eletronica,492,492,CEARA MIRIM,906,279,19327,01/07/2025,21/07/2025,6800.0,PAGO,2025-07-01,2025-07-21,2025-07-01,2025-07-21,True,False,False,False,True,,keep
banco_empresa.db,universo_eletronica,493,493,CORR PLASTIK,903,1175,19343,26/06/2025,25/07/2025,7500.0,PAGO,2025-06-26,2025-07-25,2025-06-26,2025-07-25,True,False,False,False,True,,keep
banco_empresa.db,universo_eletronica,494,494,VENOSAN,904,SNF,19344,27/06/2025,28/07/2025,850.0,PAGO,2025-06-27,2025-07-28,2025-06-27,2025-07-28,True,False,False,False,True,,keep
banco_empresa.db,universo_eletronica,495,495,USINA OLHO DA AGUA,897,1163,15068,05/06/2025,07/07/2025,14400.0,PAGO,2025-06-05,2025-07-07,2025-06-05,2025-07-07,True,False,False,False,True,,keep
banco_empresa.db,universo_eletronica,496,496,MONDELEZ,910,1169,18324 / 18325,01/07/2025,07/07/2025,2850.0,PAGO,2025-07-01,2025-07-07,2025-07-01,2025-07-07,True,False,False,False,True,,keep
banco_empresa.db,universo_eletronica,497,497,MONDELEZ,911,SNF,OÇ 1056 VENDA,01/07/2025,07/07/2025,3800.0,PAGO,2025-07-01,2025-07-07,2025-07-01,2025-07-07,True,False,False,False,True,,keep
banco_empresa.db,universo_eletronica,498,498,TOTAL PLAST,912,SNF,18298,01/07/2025,22/07/2025,5175.0,PAGO,2025-07-01,2025-07-22,2025-07-01,2025-07-22,True,False,False,False,True,,keep
banco_empresa.db,universo_eletronica,499,499,ISIS,913,SNF,19362,01/07/2025,22/07/2025,900.0,PAGO,2025-07-01,2025-07-22,2025-07-01,2025-07-22,True,False,False,False,True,,keep
banco_empresa.db,universo_eletronica,500,500,FORTLEV,916,SNF,19349,02/07/2025,23/07/2025,8233.0,PAGO,2025-07-02,2025-07-23,2025-07-02,2025-07-23,True,False,False,False,True,,keep
banco_empresa.db,universo_eletronica,501,501,FORTLEV,917,SNF,19365,02/07/2025,23/07/2025,3255.0,PAGO,2025-07-02,2025-07-23,2025-07-02,2025-07-23,True,False,False,False,True,,keep
banco_empresa.db,universo_eletronica,502,502,COMERCIO DE PEÇAS PESADAS,918,SNF,19401,08/07/2025,30/07/2025,7490.0,PAGO,2025-07-08,2025-07-30,2025-07-08,2025-07-30,True,False,False,False,True,,keep
banco_empresa.db,universo_eletronica,503,503,COMERCIO DE PEÇAS PESADAS,915,SNF,19371 - ENVIADO WHATSAPP,02/07/2025,23/07/2025,2800.0,PAGO,2025-07-02,2025-07-23,2025-07-02,2025-07-23,True,False,False,False,True,,keep
banco_empresa.db,universo_eletronica,504,504,FIBRASA,SNF,1182,VENDA OÇ 1037,03/07/2025,06/08/2025,10111.8,PAGO,2025-07-03,2025-08-06,2025-07-03,2025-08-06,True,False,False,False,True,,keep
banco_empresa.db,universo_eletronica,505,505,NOVA CONPEL,920,SNF,19419,11/07/2025,10/08/2025,2750.0,PAGO,2025-07-11,2025-08-10,2025-07-11,2025-08-10,True,False,False,False,True,,keep
banco_empresa.db,universo_eletronica,506,506,NOVA CONPEL,920,SNF,19419,11/07/2025,10/09/2025,2750.0,PAGO,2025-07-11,2025-09-10,2025-07-11,2025-09-10,True,False,False,False,True,,keep
banco_empresa.db,universo_eletronica,507,507,ISIS,926,SNF,19442,18/07/2025,07/08/2025,900.0,PAGO,2025-07-18,2025-08-07,2025-07-18,2025-08-07,True,False,False,False,True,,keep
banco_empresa.db,universo_eletronica,508,508,IPM,SNF,1199,OÇ 1062,18/07/2025,14/08/2025,2400.0,PAGO,2025-07-18,2025-08-14,2025-07-18,2025-08-14,True,False,False,False,True,,keep
banco_empresa.db,universo_eletronica,509,509,MONDELEZ,927,1200 / 1201,18296,21/07/2025,19/11/2025,18398.65,PAGO,2025-07-21,2025-11-19,2025-07-21,2025-11-19,True,False,False,False,True,,keep
banco_empresa.db,universo_eletronica,510,510,TOTAL PLAST,929,SNF,19379,28/07/2025,18/08/2025,2850.0,PAGO,2025-07-28,2025-08-18,2025-07-28,2025-08-18,True,False,False,False,True,,keep
banco_empresa.db,universo_eletronica,511,511,MONDELEZ,936,1183,19377,08/08/2025,29/09/2025,1500.0,PAGO,2025-08-08,2025-09-29,2025-08-08,2025-09-29,True,False,False,False,True,,keep
banco_empresa.db,universo_eletronica,512,512,ISIS,942,SNF,19493,14/08/2025,10/04/2025,755.0,PAGO,2025-08-14,2025-04-10,2025-08-14,2025-04-10,True,False,False,False,True,,keep
banco_empresa.db,universo_eletronica,513,513,ARA TEXTIL,948,SNF,19378,01/09/2025,22/09/2025,2160.0,PAGO,2025-09-01,2025-09-22,2025-09-01,2025-09-22,True,False,False,False,True,,keep
banco_empresa.db,universo_eletronica,514,514,MONDELEZ,949,SNF,19383,01/09/2025,08/09/2025,3794.92,PAGO,2025-09-01,2025-09-08,2025-09-01,2025-09-08,True,False,False,False,True,,keep
banco_empresa.db,universo_eletronica,515,515,MONDELEZ,950,1185,19347,01/09/2025,30/12/2025,1000.0,PAGO,2025-09-01,2025-12-30,2025-09-01,2025-12-30,True,False,False,False,True,,keep
banco_empresa.db,universo_eletronica,516,516,NOVA CONPEL,952,SNF,19456,01/09/2025,02/10/2025,2700.0,PAGO,2025-09-01,2025-10-02,2025-09-01,2025-10-02,True,False,False,False,True,,keep
banco_empresa.db,universo_eletronica,517,517,NOVA CONPEL,952,SNF,19456,01/09/2025,16/10/2025,2700.0,PAGO,2025-09-01,2025-10-16,2025-09-01,2025-10-16,True,False,False,False,True,,keep
banco_empresa.db,universo_eletronica,518,518,NOVA CONPEL,952,SNF,19456,01/09/2025,31/10/2025,2600.0,PAGO,2025-09-01,2025-10-31,2025-09-01,2025-10-31,True,False,False,False,True,,keep
banco_empresa.db,universo_eletronica,519,519,FIBRASA,955,1252,19509,02/09/2025,23/09/2025,4125.0,PAGO,2025-09-02,2025-09-23,2025-09-02,2025-09-23,True,False,False,False,True,,keep
banco_empresa.db,universo_eletronica,520,520,TOTAL PLAST,956,1254,20557,03/09/2025,18/09/2025,14425.0,PAGO,2025-09-03,2025-09-18,2025-09-03,2025-09-18,True,False,False,False,True,,keep
banco_empresa.db,universo_eletronica,521,521,TOTAL PLAST,956,1254,20557,03/09/2025,03/10/2025,14400.0,PAGO,2025-09-03,2025-10-03,2025-09-03,2025-10-03,True,False,False,False,True,,keep
banco_empresa.db,universo_eletronica,522,522,TOTAL PLAST,956,1254,20557,03/09/2025,23/10/2025,14400.0,PAGO,2025-09-03,2025-10-23,2025-09-03,2025-10-23,True,False,False,False,True,,keep
banco_empresa.db,universo_eletronica,523,523,CORR PLASTIK,959,1258,19513,05/09/2025,06/10/2025,5700.0,PAGO,2025-09-05,2025-10-06,2025-09-05,2025-10-06,True,False,False,False,True,,keep
banco_empresa.db,universo_eletronica,524,524,CORR PLASTIK,959,1258,19513,05/09/2025,20/10/2025,5700.0,PAGO,2025-09-05,2025-10-20,2025-09-05,2025-10-20,True,False,False,False,True,,keep
banco_empresa.db,universo_eletronica,525,525,CORR PLASTIK,957,1255,20555,03/09/2025,20/10/2025,5500.0,PAGO,2025-09-03,2025-10-20,2025-09-03,2025-10-20,True,False,False,False,True,,keep
banco_empresa.db,universo_eletronica,526,526,FIABESA,960,1260,19540,05/09/2025,26/09/2025,4200.0,PAGO,2025-09-05,2025-09-26,2025-09-05,2025-09-26,True,False,False,False,True,,keep
banco_empresa.db,universo_eletronica,527,527,GRAFICA PRO VISUAL,961,SNF,19363,08/09/2025,29/09/2025,3911.6,PAGO,2025-09-08,2025-09-29,2025-09-08,2025-09-29,True,False,False,False,True,,keep
banco_empresa.db,universo_eletronica,528,528,INGREDION,962,1241,19461 / 19500,09/12/2025,11/11/2025,97222.5,PAGO,2025-12-09,2025-11-11,2025-12-09,2025-11-11,True,False,False,False,True,,keep
banco_empresa.db,universo_eletronica,529,529,PINDORAMA,964,SNF,20563,16/09/2025,16/10/2025,30000.0,PAGO,2025-09-16,2025-10-16,2025-09-16,2025-10-16,True,False,False,False,True,,keep
banco_empresa.db,universo_eletronica,530,530,IF DOS SANTOS,966,SNF,17183 / 17180 / 1782 / 17178,22/08/2025,10/10/2025,4100.0,PAGO,2025-08-22,2025-10-10,2025-08-22,2025-10-10,True,False,False,False,True,,keep
banco_empresa.db,universo_eletronica,531,531,MONDELEZ,967,-,19483,22/09/2025,29/09/2025,13000.0,PAGO,2025-09-22,2025-09-29,2025-09-22,2025-09-29,True,False,False,False,True,,keep
banco_empresa.db,universo_eletronica,532,532,ALPHAPLAST,968,1269,17235,22/09/2025,10/10/2025,1200.0,PAGO,2025-09-22,2025-10-10,2025-09-22,2025-10-10,True,False,False,False,True,,keep
banco_empresa.db,universo_eletronica,534,534,EDK,969,SNF,24614,25/09/2025,10/11/2025,7000.0,PAGO,2025-09-25,2025-11-10,2025-09-25,2025-11-10,True,False,False,False,True,,keep
banco_empresa.db,universo_eletronica,535,535,EDK,970,SNF,24616,25/09/2025,11/11/2025,5055.9,PAGO,2025-09-25,2025-11-11,2025-09-25,2025-11-11,True,False,False,False,True,,keep
banco_empresa.db,universo_eletronica,536,536,IPM,SNF,1277,VENDA,29/09/2025,20/10/2025,2400.0,PAGO,2025-09-29,2025-10-20,2025-09-29,2025-10-20,True,False,False,False,True,,keep
banco_empresa.db,universo_eletronica,537,537,CORR PLASTIK,972,1271,22610,01/10/2025,10/11/2025,1750.0,PAGO,2025-10-01,2025-11-10,2025-10-01,2025-11-10,True,False,False,False,True,,keep
banco_empresa.db,universo_eletronica,538,538,CORR PLASTIK,972,1271,22610,01/10/2025,10/12/2029,1750.0,EM ABERTO,2025-10-01,2029-12-10,2025-10-01,2029-12-10,True,False,False,False,True,,keep
banco_empresa.db,universo_eletronica,539,539,MONDELEZ,974,SNF,1067,01/10/2025,13/11/2025,3800.0,PAGO,2025-10-01,2025-11-13,2025-10-01,2025-11-13,True,False,False,False,True,,keep
banco_empresa.db,universo_eletronica,540,540,FIABESA,976,1283,19541,03/10/2025,24/10/2025,2375.0,PAGO,2025-10-03,2025-10-24,2025-10-03,2025-10-24,True,False,False,False,True,,keep
banco_empresa.db,universo_eletronica,541,541,CONPEL,977,SNF,24633,03/10/2025,31/10/2025,4000.0,PAGO,2025-10-03,2025-10-31,2025-10-03,2025-10-31,True,False,False,False,True,,keep
banco_empresa.db,universo_eletronica,542,542,CONPEL,977,SNF,24633,03/10/2025,15/11/2025,4000.0,PAGO,2025-10-03,2025-11-15,2025-10-03,2025-11-15,True,False,False,False,True,,keep
banco_empresa.db,universo_eletronica,544,544,ALPARGATAS,978,1285,15104,06/10/2025,05/11/2025,1425.0,PAGO,2025-10-06,2025-11-05,2025-10-06,2025-11-05,True,False,False,False,True,,keep
banco_empresa.db,universo_eletronica,545,545,EDK,980,SNF,24628 / 24615,08/10/2025,21/11/2025,11823.0,PAGO,2025-10-08,2025-11-21,2025-10-08,2025-11-21,True,False,False,False,True,,keep
banco_empresa.db,universo_eletronica,546,546,ALPHAPLAST,981,1281,24639,08/10/2025,24/10/2025,1100.0,PAGO,2025-10-08,2025-10-24,2025-10-08,2025-10-24,True,False,False,False,True,,keep
banco_empresa.db,universo_eletronica,547,547,USINA SÃO JOSE S/A,984,1292,19521,09/10/2025,10/11/2025,2850.0,PAGO,2025-10-09,2025-11-10,2025-10-09,2025-11-10,True,False,False,False,True,,keep
banco_empresa.db,universo_eletronica,548,548,USINA ESTIVAS,986,1246,19465,14/10/2025,13/11/2025,25000.0,PAGO,2025-10-14,2025-11-13,2025-10-14,2025-11-13,True,False,False,False,True,,keep
banco_empresa.db,universo_eletronica,549,549,USINA ESTIVAS,986,1246,19465,14/10/2025,13/12/2025,25000.0,PAGO,2025-10-14,2025-12-13,2025-10-14,2025-12-13,True,False,False,False,True,,keep
banco_empresa.db,universo_eletronica,550,550,ACHE,SNF,1228,VENDA,11/08/2025,10/11/2025,1200.0,PAGO,2025-08-11,2025-11-10,2025-08-11,2025-11-10,True,False,False,False,True,,keep
banco_empresa.db,universo_eletronica,551,551,EDK,988,SNF,ALUGUEL,20/10/2025,04/12/2025,4500.0,PAGO,2025-10-20,2025-12-04,2025-10-20,2025-12-04,True,False,False,False,True,,keep
banco_empresa.db,universo_eletronica,552,552,EDK,989,SNF,24651,21/10/2025,05/12/2025,5828.25,PAGO,2025-10-21,2025-12-05,2025-10-21,2025-12-05,True,False,False,False,True,,keep
banco_empresa.db,universo_eletronica,553,553,EDK,990,SNF,24652,22/10/2025,05/12/2025,5828.25,PAGO,2025-10-22,2025-12-05,2025-10-22,2025-12-05,True,False,False,False,True,,keep
banco_empresa.db,universo_eletronica,554,554,EDK,991,SNF,24627,23/10/2025,07/12/2025,2945.0,PAGO,2025-10-23,2025-12-07,2025-10-23,2025-12-07,True,False,False,False,True,,keep
banco_empresa.db,universo_eletronica,555,555,VITARELLA,992,1295,18321,23/10/2025,18/02/2026,1700.0,PAGO,2025-10-23,2026-02-18,2025-10-23,2026-02-18,True,False,False,False,True,,keep
banco_empresa.db,universo_eletronica,556,556,VITARELLA,993,1296,19478,23/10/2025,18/02/2026,1900.0,PAGO,2025-10-23,2026-02-18,2025-10-23,2026-02-18,True,False,False,False,True,,keep
banco_empresa.db,universo_eletronica,557,557,EDK,997,SNF,24663,29/10/2025,15/12/2025,1543.75,PAGO,2025-10-29,2025-12-15,2025-10-29,2025-12-15,True,False,False,False,True,,keep
banco_empresa.db,universo_eletronica,558,558,MONDELEZ,999,1265,24657,03/11/2025,03/03/2026,1000.0,PAGO,2025-11-03,2026-03-03,2025-11-03,2026-03-03,True,False,False,False,True,,keep
banco_empresa.db,universo_eletronica,559,559,CRUANGI,1000,1309,20558,03/11/2025,19/11/2025,10000.0,PAGO,2025-11-03,2025-11-19,2025-11-03,2025-11-19,True,False,False,False,True,,keep
banco_empresa.db,universo_eletronica,560,560,NIPPON,1001,SNF,24656,03/11/2025,04/12/2025,1500.0,PAGO,2025-11-03,2025-12-04,2025-11-03,2025-12-04,True,False,False,False,True,,keep
banco_empresa.db,universo_eletronica,561,561,NIPPON,1001,SNF,24656,03/11/2025,18/12/2025,1500.0,PAGO,2025-11-03,2025-12-18,2025-11-03,2025-12-18,True,False,False,False,True,,keep
banco_empresa.db,universo_eletronica,565,565,USINA MONTE ALEGRE,1008,1320,24637,07/11/2025,08/12/2025,4200.0,PAGO,2025-11-07,2025-12-08,2025-11-07,2025-12-08,True,False,False,False,True,,keep
banco_empresa.db,universo_eletronica,566,566,AMBEV,1009,1322,17166,10/11/2025,11/12/2025,9000.0,PAGO,2025-11-10,2025-12-11,2025-11-10,2025-12-11,True,False,False,False,True,,keep
banco_empresa.db,universo_eletronica,567,567,MONDELEZ,1010,1323,20559 / 20560,11/11/2025,11/03/2026,4118.67,PAGO,2025-11-11,2026-03-11,2025-11-11,2026-03-11,True,False,False,False,True,,keep
banco_empresa.db,universo_eletronica,569,569,DEXCO SUAPE,1012,SNF,1094,13/11/2025,15/12/2025,8000.0,PAGO,2025-11-13,2025-12-15,2025-11-13,2025-12-15,True,False,False,False,True,,keep
banco_empresa.db,universo_eletronica,570,570,CAMPARI,1013,SNF,24718,17/11/2025,16/01/2026,8000.0,PAGO,2025-11-17,2026-01-16,2025-11-17,2026-01-16,True,False,False,False,True,,keep
banco_empresa.db,universo_eletronica,571,571,NHL,1014,SNF,24714,17/11/2025,08/12/2026,1000.0,EM ABERTO,2025-11-17,2026-12-08,2025-11-17,2026-12-08,True,False,False,False,True,,keep
banco_empresa.db,universo_eletronica,572,572,ALPARGATAS CARPINA,1015,1326,19547,18/11/2025,16/02/2026,4750.0,PAGO,2025-11-18,2026-02-16,2025-11-18,2026-02-16,True,False,False,False,True,,keep
banco_empresa.db,universo_eletronica,573,573,MEXICHEN,1016,SNF,OÇ 1067,19/11/2025,17/12/2025,4001.5,PAGO,2025-11-19,2025-12-17,2025-11-19,2025-12-17,True,False,False,False,True,,keep
banco_empresa.db,universo_eletronica,574,574,EDK,1017,SNF,25727 / 25725 / 24717 / 25729,19/11/2025,05/01/2026,14954.9,PAGO,2025-11-19,2026-01-05,2025-11-19,2026-01-05,True,False,False,False,True,,keep
banco_empresa.db,universo_eletronica,575,575,INGREDION,1018,1333,17271,24/11/2025,04/02/2026,74000.0,PAGO,2025-11-24,2026-02-04,2025-11-24,2026-02-04,True,False,False,False,True,,keep
banco_empresa.db,universo_eletronica,576,576,CORR PLASTIK,1006,1299,24671,04/11/2025,04/12/2025,3800.0,PAGO,2025-11-04,2025-12-04,2025-11-04,2025-12-04,True,False,False,False,True,,keep
banco_empresa.db,universo_eletronica,577,577,USINA LARANJEIRAS,2,1338,25733,01/12/2025,30/12/2025,3500.0,PAGO,2025-12-01,2025-12-30,2025-12-01,2025-12-30,True,False,False,False,True,,keep
banco_empresa.db,universo_eletronica,578,578,MONDELEZ,3,1340,19484,01/12/2025,31/03/2026,3890.0,PAGO,2025-12-01,2026-03-31,2025-12-01,2026-03-31,True,False,False,False,True,,keep
banco_empresa.db,universo_eletronica,579,579,MONDELEZ,4,-,19480,01/12/2025,31/03/2026,7902.51,PAGO,2025-12-01,2026-03-31,2025-12-01,2026-03-31,True,False,False,False,True,,keep
banco_empresa.db,universo_eletronica,580,580,INGREDION,5,SNF,24636,01/12/2025,30/01/2026,2600.0,PAGO,2025-12-01,2026-01-30,2025-12-01,2026-01-30,True,False,False,False,True,,keep
banco_empresa.db,universo_eletronica,581,581,EDK,6,SNF,25744 / 25752 / 25753 / 25745,01/12/2025,14/01/2025,22442.5,PAGO,2025-12-01,2025-01-14,2025-12-01,2025-01-14,True,False,False,False,True,,keep
banco_empresa.db,universo_eletronica,582,582,NHL,7,SNF,25741,01/12/2025,22/12/2025,5000.0,PAGO,2025-12-01,2025-12-22,2025-12-01,2025-12-22,True,False,False,False,True,,keep
banco_empresa.db,universo_eletronica,583,583,COAF CRUANGI,9,SNF,23614,01/12/2025,22/12/2025,28329.0,PAGO,2025-12-01,2025-12-22,2025-12-01,2025-12-22,True,False,False,False,True,,keep
banco_empresa.db,universo_eletronica,584,584,VITRIUM,10,SNF,19549 / 14953,01/12/2025,22/12/2025,11000.0,PAGO,2025-12-01,2025-12-22,2025-12-01,2025-12-22,True,False,False,False,True,,keep
banco_empresa.db,universo_eletronica,585,585,LÁ CARNE,11,SNF,26763,02/12/2025,02/01/2026,800.0,PAGO,2025-12-02,2026-01-02,2025-12-02,2026-01-02,True,False,False,False,True,,keep
banco_empresa.db,universo_eletronica,586,586,LÁ CARNE,11,SNF,26763,02/12/2025,02/02/2026,800.0,PAGO,2025-12-02,2026-02-02,2025-12-02,2026-02-02,True,False,False,False,True,,keep
banco_empresa.db,universo_eletronica,587,587,CAMPARI,12,SNF,24720,02/12/2025,30/01/2026,12000.0,PAGO,2025-12-02,2026-01-30,2025-12-02,2026-01-30,True,False,False,False,True,,keep
banco_empresa.db,universo_eletronica,588,588,COAF CRUANGI,13,1343,24723,03/12/2025,24/12/2025,13000.0,PAGO,2025-12-03,2025-12-24,2025-12-03,2025-12-24,True,False,False,False,True,,keep
banco_empresa.db,universo_eletronica,589,589,ELEVTRONICA,14,SNF,19446 - 19447 - 19448 - 19449 - 19450 - 19451,03/12/2025,20/12/2025,15000.0,PAGO,2025-12-03,2025-12-20,2025-12-03,2025-12-20,True,False,False,False,True,,keep
banco_empresa.db,universo_eletronica,590,590,ALPHA PLAST,16,1328,25735 - 25736,10/12/2025,12/01/2026,3000.0,PAGO,2025-12-10,2026-01-12,2025-12-10,2026-01-12,True,False,False,False,True,,keep
banco_empresa.db,universo_eletronica,591,591,NORDESTE MAIS,18,SNF,26797,11/12/2025,12/01/2026,5700.0,PAGO,2025-12-11,2026-01-12,2025-12-11,2026-01-12,True,False,False,False,True,,keep
banco_empresa.db,universo_eletronica,592,592,FIABESA,19,1345,24725,11/12/2025,17/12/2025,3300.0,PAGO,2025-12-11,2025-12-17,2025-12-11,2025-12-17,True,False,False,False,True,,keep
banco_empresa.db,universo_eletronica,593,593,IF DOS SANTOS,20,SNF,26776 / 26777,11/12/2025,08/01/2026,2000.0,PAGO,2025-12-11,2026-01-08,2025-12-11,2026-01-08,True,False,False,False,True,,keep
banco_empresa.db,universo_eletronica,594,594,MABOR,21,SNF,26791,12/12/2025,02/01/2026,1200.0,PAGO,2025-12-12,2026-01-02,2025-12-12,2026-01-02,True,False,False,False,True,,keep
banco_empresa.db,universo_eletronica,595,595,HS,24,SNF,26798,16/12/2025,19/12/2025,5475.0,PAGO,2025-12-16,2025-12-19,2025-12-16,2025-12-19,True,False,False,False,True,,keep
banco_empresa.db,universo_eletronica,596,596,TIGRE,25,AG NF,24669,16/12/2025,05/02/2025,2800.0,PAGO,2025-12-16,2025-02-05,2025-12-16,2025-02-05,True,False,False,False,True,,keep
banco_empresa.db,universo_eletronica,597,597,BOKUS,SNF,1351,OÇ 1106,15/12/2025,16/01/2026,8005.0,PAGO,2025-12-15,2026-01-16,2025-12-15,2026-01-16,True,False,False,False,True,,keep
banco_empresa.db,universo_eletronica,598,598,BOKUS,SNF,1351,OÇ 1106,16/12/2025,16/02/2026,8000.0,PAGO,2025-12-16,2026-02-16,2025-12-16,2026-02-16,True,False,False,False,True,,keep
banco_empresa.db,universo_eletronica,599,599,MABOR,27,SNF,27816 / 27817,18/12/2025,08/01/2026,4265.0,PAGO,2025-12-18,2026-01-08,2025-12-18,2026-01-08,True,False,False,False,True,,keep
banco_empresa.db,universo_eletronica,600,600,IF DOS SANTOS,28,SNF,27814,18/12/2025,08/01/2026,750.0,PAGO,2025-12-18,2026-01-08,2025-12-18,2026-01-08,True,False,False,False,True,,keep
banco_empresa.db,universo_eletronica,601,601,FIABESA,29,1301,24635,19/12/2025,09/01/2026,1100.0,PAGO,2025-12-19,2026-01-09,2025-12-19,2026-01-09,True,False,False,False,True,,keep
banco_empresa.db,universo_eletronica,602,602,ISOESTE,31,SNF,26810,23/12/2025,06/01/2026,1910.0,PAGO,2025-12-23,2026-01-06,2025-12-23,2026-01-06,True,False,False,False,True,,keep
banco_empresa.db,universo_eletronica,603,603,MONDELEZ,32,1363,19554,23/12/2025,08/04/2026,1000.0,PAGO,2025-12-23,2026-04-08,2025-12-23,2026-04-08,True,False,False,False,True,,keep
banco_empresa.db,universo_eletronica,604,604,MONDELEZ,33,1364,28822,26/12/2025,19/01/2026,2392.06,PAGO,2025-12-26,2026-01-19,2025-12-26,2026-01-19,True,False,False,False,True,,keep
banco_empresa.db,universo_eletronica,605,605,EDK,34,SNF,26761 / 26762 / 26760,29/12/2025,12/02/2026,6536.0,PAGO,2025-12-29,2026-02-12,2025-12-29,2026-02-12,True,False,False,False,True,,keep
banco_empresa.db,universo_eletronica,606,606,VITRIUM,36,SNF,14954 - 19550 - 19551,05/01/2026,26/01/2026,7000.0,PAGO,2026-01-05,2026-01-26,2026-01-05,2026-01-26,True,False,False,False,True,,keep
banco_empresa.db,universo_eletronica,607,607,ASA,SNF,1376,VENDA 25761,06/03/2026,06/04/2026,16000.0,PAGO,2026-03-06,2026-04-06,2026-03-06,2026-04-06,True,False,False,False,True,,keep
banco_empresa.db,universo_eletronica,608,608,FIABESA,38,1329,21569,07/01/2026,28/01/2026,1850.0,PAGO,2026-01-07,2026-01-28,2026-01-07,2026-01-28,True,False,False,False,True,,keep
banco_empresa.db,universo_eletronica,609,609,FIABESA,39,1344,25755,07/01/2026,28/01/2026,2500.0,PAGO,2026-01-07,2026-01-28,2026-01-07,2026-01-28,True,False,False,False,True,,keep
banco_empresa.db,universo_eletronica,610,610,TOTAL PLAST,40,SNF,28850,09/01/2026,30/01/2026,21290.64,PAGO,2026-01-09,2026-01-30,2026-01-09,2026-01-30,True,False,False,False,True,,keep
banco_empresa.db,universo_eletronica,611,611,CORR PLASTIK,41,SNF,28831,12/01/2026,11/02/2026,3500.0,PAGO,2026-01-12,2026-02-11,2026-01-12,2026-02-11,True,False,False,False,True,,keep
banco_empresa.db,universo_eletronica,612,612,CORR PLASTIK,41,SNF,28831,12/01/2026,13/03/2026,3500.0,PAGO,2026-01-12,2026-03-13,2026-01-12,2026-03-13,True,False,False,False,True,,keep
banco_empresa.db,universo_eletronica,613,613,CORR PLASTIK,41,SNF,28831,12/01/2026,13/04/2026,3000.0,PAGO,2026-01-12,2026-04-13,2026-01-12,2026-04-13,True,False,False,False,True,,keep
banco_empresa.db,universo_eletronica,614,614,CORR PLASTIK,42,SNF,28832,12/01/2026,11/02/2026,5000.0,PAGO,2026-01-12,2026-02-11,2026-01-12,2026-02-11,True,False,False,False,True,,keep
banco_empresa.db,universo_eletronica,615,615,CORR PLASTIK,42,SNF,28832,12/01/2026,13/03/2026,5000.0,PAGO,2026-01-12,2026-03-13,2026-01-12,2026-03-13,True,False,False,False,True,,keep
banco_empresa.db,universo_eletronica,616,616,MONDELEZ,43,1381,28821,13/01/2026,13/05/2026,1540.51,PAGO,2026-01-13,2026-05-13,2026-01-13,2026-05-13,True,False,False,False,True,,keep
banco_empresa.db,universo_eletronica,617,617,INJETEC,44,SNF,28854 E UMA PLACA,13/01/2026,28/01/2026,1700.0,PAGO,2026-01-13,2026-01-28,2026-01-13,2026-01-28,True,False,False,False,True,,keep
banco_empresa.db,universo_eletronica,618,618,EDK,45,SNF,28876,14/01/2026,28/02/2026,3040.0,PAGO,2026-01-14,2026-02-28,2026-01-14,2026-02-28,True,False,False,False,True,,keep
banco_empresa.db,universo_eletronica,619,619,MONDELEZ,46,SNF,OÇ 1074,15/01/2026,26/01/2026,10464.73,PAGO,2026-01-15,2026-01-26,2026-01-15,2026-01-26,True,False,False,False,True,,keep
banco_empresa.db,universo_eletronica,620,620,MOINHOS DE TRIGO,SNF,1386,OÇ 1109,15/01/2026,04/02/2026,2400.0,PAGO,2026-01-15,2026-02-04,2026-01-15,2026-02-04,True,False,False,False,True,,keep
banco_empresa.db,universo_eletronica,621,621,FIBRASA,47,1366,28845,16/01/2026,10/02/2026,1900.0,PAGO,2026-01-16,2026-02-10,2026-01-16,2026-02-10,True,False,False,False,True,,keep
banco_empresa.db,universo_eletronica,622,622,ASA,49,1337 / 1330,25724 / 25743,20/01/2026,23/02/2026,10850.0,PAGO,2026-01-20,2026-02-23,2026-01-20,2026-02-23,True,False,False,False,True,,keep
banco_empresa.db,universo_eletronica,623,623,FORTLEV,50,SNF,28875,22/01/2026,12/02/2026,2500.0,PAGO,2026-01-22,2026-02-12,2026-01-22,2026-02-12,True,False,False,False,True,,keep
banco_empresa.db,universo_eletronica,624,624,FORTLEV,51,1393,28835 / 28836,22/01/2026,06/03/2026,18000.0,PAGO,2026-01-22,2026-03-06,2026-01-22,2026-03-06,True,False,False,False,True,,keep
banco_empresa.db,universo_eletronica,625,625,EDK,54,SNF,28887,23/01/2026,07/03/2026,6091.5,PAGO,2026-01-23,2026-03-07,2026-01-23,2026-03-07,True,False,False,False,True,,keep
banco_empresa.db,universo_eletronica,626,626,MONDELEZ,55,-,28849,02/02/2026,18/02/2026,29756.5,PAGO,2026-02-02,2026-02-18,2026-02-02,2026-02-18,True,False,False,False,True,,keep
banco_empresa.db,universo_eletronica,627,627,VITRIUM,57,SNF,17208 / 24708 / 24706,02/02/2026,27/02/2026,14000.0,PAGO,2026-02-02,2026-02-27,2026-02-02,2026-02-27,True,False,False,False,True,,keep
banco_empresa.db,universo_eletronica,628,628,INDORAMA,58,1407,29922,04/02/2026,04/03/2026,13232.0,PAGO,2026-02-04,2026-03-04,2026-02-04,2026-03-04,True,False,False,False,True,,keep
banco_empresa.db,universo_eletronica,629,629,FIABESA,59,1378,28855,06/02/2026,27/02/2026,1230.0,PAGO,2026-02-06,2026-02-27,2026-02-06,2026-02-27,True,False,False,False,True,,keep
banco_empresa.db,universo_eletronica,630,630,MONDELEZ,60,1394,26778,09/02/2026,18/02/2026,3332.32,PAGO,2026-02-09,2026-02-18,2026-02-09,2026-02-18,True,False,False,False,True,,keep
banco_empresa.db,universo_eletronica,631,631,USINA GIASA,61,1398,28874,09/02/2026,02/03/2026,3700.0,PAGO,2026-02-09,2026-03-02,2026-02-09,2026-03-02,True,False,False,False,True,,keep
banco_empresa.db,universo_eletronica,632,632,AÇO MAIS,64,SNF,29941,09/02/2026,02/03/2026,12597.0,PAGO,2026-02-09,2026-03-02,2026-02-09,2026-03-02,True,False,False,False,True,,keep
banco_empresa.db,universo_eletronica,633,633,DORE,66,SNF,OÇ 1121,11/02/2026,04/03/2026,17100.0,PAGO,2026-02-11,2026-03-04,2026-02-11,2026-03-04,True,False,False,False,True,,keep
banco_empresa.db,universo_eletronica,635,635,AMBEV,67,1418,29961,12/02/2026,01/04/2026,5000.0,PAGO,2026-02-12,2026-04-01,2026-02-12,2026-04-01,True,False,False,False,True,,keep
banco_empresa.db,universo_eletronica,636,636,USINA SAO JOSE SA,68,SNF,29919,12/02/2026,17/03/2026,6209.2,PAGO,2026-02-12,2026-03-17,2026-02-12,2026-03-17,True,False,False,False,True,,keep
banco_empresa.db,universo_eletronica,637,637,NORAL,SNF,SNF,29952,12/02/2026,20/02/2026,1622.0,PAGO,2026-02-12,2026-02-20,2026-02-12,2026-02-20,True,False,False,False,True,,keep
banco_empresa.db,universo_eletronica,638,638,INJETEC,69,SNF,29955,12/02/2026,20/03/2026,500.0,PAGO,2026-02-12,2026-03-20,2026-02-12,2026-03-20,True,False,False,False,True,,keep
banco_empresa.db,universo_eletronica,639,639,AMBEV,70,1287,24643,12/02/2026,01/04/2026,9000.0,PAGO,2026-02-12,2026-04-01,2026-02-12,2026-04-01,True,False,False,False,True,,keep
banco_empresa.db,universo_eletronica,640,640,SOS,71,1421,28885,12/02/2026,17/03/2026,11414.25,PAGO,2026-02-12,2026-03-17,2026-02-12,2026-03-17,True,False,False,False,True,,keep
banco_empresa.db,universo_eletronica,641,641,SOS,71,1421,28885,12/02/2026,24/03/2026,11414.25,PAGO,2026-02-12,2026-03-24,2026-02-12,2026-03-24,True,False,False,False,True,,keep
banco_empresa.db,universo_eletronica,642,642,FIABESA,72,1406,29943,13/02/2026,06/03/2026,850.0,PAGO,2026-02-13,2026-03-06,2026-02-13,2026-03-06,True,False,False,False,True,,keep
banco_empresa.db,universo_eletronica,643,643,AMBEV,73,SNF,28866,18/02/2026,01/04/2026,7000.0,PAGO,2026-02-18,2026-04-01,2026-02-18,2026-04-01,True,False,False,False,True,,keep
banco_empresa.db,universo_eletronica,644,644,MONDELEZ,74,-,29908,18/02/2026,18/06/2026,5712.83,PAGO,2026-02-18,2026-06-18,2026-02-18,2026-06-18,True,False,False,False,True,,keep
banco_empresa.db,universo_eletronica,645,645,CORR PLASTIK,75,1411,29921 - 29936,18/02/2026,20/03/2026,7400.0,PAGO,2026-02-18,2026-03-20,2026-02-18,2026-03-20,True,False,False,False,True,,keep
banco_empresa.db,universo_eletronica,646,646,CORR PLASTIK,75,1411,29922 - 29936,18/02/2026,04/04/2026,7400.0,PAGO,2026-02-18,2026-04-04,2026-02-18,2026-04-04,True,False,False,False,True,,keep
banco_empresa.db,universo_eletronica,647,647,EDK,76,SNF,29956 / 29957,19/02/2026,06/04/2026,11466.5,PAGO,2026-02-19,2026-04-06,2026-02-19,2026-04-06,True,False,False,False,True,,keep
banco_empresa.db,universo_eletronica,648,648,FIABESA,77,1361,29811,20/02/2026,13/03/2026,1230.0,PAGO,2026-02-20,2026-03-13,2026-02-20,2026-03-13,True,False,False,False,True,,keep
banco_empresa.db,universo_eletronica,649,649,INDORAMA,78,1426,29923,23/02/2026,17/03/2026,17318.5,PAGO,2026-02-23,2026-03-17,2026-02-23,2026-03-17,True,False,False,False,True,,keep
banco_empresa.db,universo_eletronica,650,650,ARA TEXTIL,79,1420,29949,23/02/2026,25/03/2026,2450.0,PAGO,2026-02-23,2026-03-25,2026-02-23,2026-03-25,True,False,False,False,True,,keep
banco_empresa.db,universo_eletronica,651,651,FIABESA,80,SNF,29968,23/02/2026,17/03/2026,1000.0,PAGO,2026-02-23,2026-03-17,2026-02-23,2026-03-17,True,False,False,False,True,,keep
banco_empresa.db,universo_eletronica,652,652,ASA,SNF,1433,OC1122,24/02/2026,23/03/2026,11000.0,PAGO,2026-02-24,2026-03-23,2026-02-24,2026-03-23,True,False,False,False,True,,keep
banco_empresa.db,universo_eletronica,653,653,ARCONTEC,30,SNF,25740,25/02/2026,21/02/2026,3000.0,PAGO,2026-02-25,2026-02-21,2026-02-25,2026-02-21,True,False,False,False,True,,keep
banco_empresa.db,universo_eletronica,655,655,ARCONTEC,30,SNF,25740,26/02/2026,23/04/2026,3000.0,PAGO,2026-02-26,2026-04-23,2026-02-26,2026-04-23,True,False,False,False,True,,keep
banco_empresa.db,universo_eletronica,656,656,CAFE OURO VERDE,81,SNF,29970,26/02/2026,25/03/2026,6120.0,PAGO,2026-02-26,2026-03-25,2026-02-26,2026-03-25,True,False,False,False,True,,keep
banco_empresa.db,universo_eletronica,657,657,ALTEMAR,SNF,SNF,VENDA ALTEMAR,26/02/2026,10/03/2026,800.0,PAGO,2026-02-26,2026-03-10,2026-02-26,2026-03-10,True,False,False,False,True,,keep
banco_empresa.db,universo_eletronica,658,658,USINA SAO JOSE S/A,82,1346,28840,27/02/2026,02/04/2026,5244.0,PAGO,2026-02-27,2026-04-02,2026-02-27,2026-04-02,True,False,False,False,True,,keep
banco_empresa.db,universo_eletronica,659,659,UNILEVER,83,-,29946,02/03/2026,20/10/2026,3122.0,EM ABERTO,2026-03-02,2026-10-20,2026-03-02,2026-10-20,True,False,False,False,True,,keep
banco_empresa.db,universo_eletronica,660,660,FIABESA,84,1376,29944,02/03/2026,24/03/2026,1300.0,PAGO,2026-03-02,2026-03-24,2026-03-02,2026-03-24,True,False,False,False,True,,keep
banco_empresa.db,universo_eletronica,661,661,FIABESA,85,1441,30001,03/03/2026,25/03/2026,3000.0,PAGO,2026-03-03,2026-03-25,2026-03-03,2026-03-25,True,False,False,False,True,,keep
banco_empresa.db,universo_eletronica,662,662,CAMPARI,86,-,25732,03/03/2026,04/05/2026,8000.0,PAGO,2026-03-03,2026-05-04,2026-03-03,2026-05-04,True,False,False,False,True,,keep
banco_empresa.db,universo_eletronica,663,663,CAMPARI,87,-,1114,03/03/2026,04/05/2026,2100.0,PAGO,2026-03-03,2026-05-04,2026-03-03,2026-05-04,True,False,False,False,True,,keep
banco_empresa.db,universo_eletronica,664,664,ISOESTE,88,-,26809-29976,03/03/2026,03/04/2026,1972.0,PAGO,2026-03-03,2026-04-03,2026-03-03,2026-04-03,True,False,False,False,True,,keep
banco_empresa.db,universo_eletronica,665,665,VITRIUM,89,-,25737 - 25738 - 29930 - 29931,03/03/2026,25/03/2026,12000.0,PAGO,2026-03-03,2026-03-25,2026-03-03,2026-03-25,True,False,False,False,True,,keep
banco_empresa.db,universo_eletronica,666,666,LA CARNE,90,-,28862,03/03/2026,25/03/2026,1450.0,PAGO,2026-03-03,2026-03-25,2026-03-03,2026-03-25,True,False,False,False,True,,keep
banco_empresa.db,universo_eletronica,667,667,FIBRASA,91,1437,29979 - 29980,05/03/2026,26/03/2026,11020.0,PAGO,2026-03-05,2026-03-26,2026-03-05,2026-03-26,True,False,False,False,True,,keep
banco_empresa.db,universo_eletronica,668,668,MONDELEZ,94,1430,29903 - 29933 - 29934 - 29935,06/03/2026,05/07/2026,11660.0,PAGO,2026-03-06,2026-07-05,2026-03-06,2026-07-05,True,False,False,False,True,,keep
banco_empresa.db,universo_eletronica,669,669,NOVA CONPEL,95,1447,30009,06/03/2026,06/04/2026,3000.0,PAGO,2026-03-06,2026-04-06,2026-03-06,2026-04-06,True,False,False,False,True,,keep
banco_empresa.db,universo_eletronica,670,670,NOVA CONPEL,95,1447,30009,06/03/2026,06/05/2026,3000.0,PAGO,2026-03-06,2026-05-06,2026-03-06,2026-05-06,True,False,False,False,True,,keep
banco_empresa.db,universo_eletronica,671,671,UNILEVER,96,SNF,28886,10/03/2026,20/10/2026,4562.0,EM ABERTO,2026-03-10,2026-10-20,2026-03-10,2026-10-20,True,False,False,False,True,,keep
banco_empresa.db,universo_eletronica,672,672,EDK MINERAÇÃO,97,-,29973-29974-29972,10/03/2026,27/04/2026,13775.0,PAGO,2026-03-10,2026-04-27,2026-03-10,2026-04-27,True,False,False,False,True,,keep
banco_empresa.db,universo_eletronica,673,673,MABOR,98,SNF,26791 - 29953,10/03/2026,31/03/2026,2700.0,PAGO,2026-03-10,2026-03-31,2026-03-10,2026-03-31,True,False,False,False,True,,keep
banco_empresa.db,universo_eletronica,674,674,USINA OLHO DAGUA,99,-,29947,10/03/2026,30/03/2026,23000.0,PAGO,2026-03-10,2026-03-30,2026-03-10,2026-03-30,True,False,False,False,True,,keep
banco_empresa.db,universo_eletronica,675,675,BOMBRIL,100,-,29948,12/03/2026,07/04/2026,7125.0,PAGO,2026-03-12,2026-04-07,2026-03-12,2026-04-07,True,False,False,False,True,,keep
banco_empresa.db,universo_eletronica,676,676,FORTLEV,101,-,30010,12/03/2026,03/04/2026,1000.0,PAGO,2026-03-12,2026-04-03,2026-03-12,2026-04-03,True,False,False,False,True,,keep
banco_empresa.db,universo_eletronica,677,677,NIPPON,92,SNF,29959,13/03/2026,30/03/2026,2248.65,PAGO,2026-03-13,2026-03-30,2026-03-13,2026-03-30,True,False,False,False,True,,keep
banco_empresa.db,universo_eletronica,678,678,NIPPON,92,SNF,29959,13/03/2026,24/04/2026,2248.65,PAGO,2026-03-13,2026-04-24,2026-03-13,2026-04-24,True,False,False,False,True,,keep
banco_empresa.db,universo_eletronica,679,679,EDK MINERAÇÃO,103,-,30027-30016,13/03/2026,28/04/2026,8825.5,PAGO,2026-03-13,2026-04-28,2026-03-13,2026-04-28,True,False,False,False,True,,keep
banco_empresa.db,universo_eletronica,680,680,ARA TEXTIL,102,1403,1120 - 29967 - 29969,13/03/2026,13/04/2026,20850.0,PAGO,2026-03-13,2026-04-13,2026-03-13,2026-04-13,True,False,False,False,True,,keep
banco_empresa.db,universo_eletronica,681,681,SOLERI,104,-,29954,16/03/2026,07/04/2026,1640.0,PAGO,2026-03-16,2026-04-07,2026-03-16,2026-04-07,True,False,False,False,True,,keep
banco_empresa.db,universo_eletronica,683,683,ALTEMAR,SNF,SNF,VENDA,17/03/2026,23/03/2026,200.0,PAGO,2026-03-17,2026-03-23,2026-03-17,2026-03-23,True,False,False,False,True,,keep
banco_empresa.db,universo_eletronica,686,686,AMBEV,105,1467,29962,18/03/2026,01/05/2026,5000.0,PAGO,2026-03-18,2026-05-01,2026-03-18,2026-05-01,True,False,False,False,True,,keep
banco_empresa.db,universo_eletronica,687,687,IKEDA COMERCIO E INDUSTRIA,107,SNF,30022,18/03/2026,09/04/2026,6225.0,PAGO,2026-03-18,2026-04-09,2026-03-18,2026-04-09,True,False,False,False,True,,keep
banco_empresa.db,universo_eletronica,688,688,IKEDA COMERCIO E INDUSTRIA,107,SNF,30022,18/03/2026,20/04/2026,6225.0,PAGO,2026-03-18,2026-04-20,2026-03-18,2026-04-20,True,False,False,False,True,,keep
banco_empresa.db,universo_eletronica,689,689,ALPARGATAS CAMPINA GRANDE,108,1468,24711,19/03/2026,31/07/2026,1550.0,PAGO,2026-03-19,2026-07-31,2026-03-19,2026-07-31,True,False,False,False,True,,keep
banco_empresa.db,universo_eletronica,690,690,IF DOS SANTOS,109,,30023,19/03/2026,31/03/2026,1000.0,PAGO,2026-03-19,2026-03-31,2026-03-19,2026-03-31,True,False,False,False,True,,keep
banco_empresa.db,universo_eletronica,691,691,UNILEVER,110,1472,29958,30/03/2026,23/06/2026,10500.0,PAGO,2026-03-30,2026-06-23,2026-03-30,2026-06-23,True,False,False,False,True,,keep
banco_empresa.db,universo_eletronica,692,692,MONDELEZ,111,1473,29971,23/03/2026,23/07/2026,1428.27,PAGO,2026-03-23,2026-07-23,2026-03-23,2026-07-23,True,False,False,False,True,,keep
banco_empresa.db,universo_eletronica,694,694,TOTAL PLAST,116,1480,30065,01/04/2026,22/04/2026,4000.0,PAGO,2026-04-01,2026-04-22,2026-04-01,2026-04-22,True,False,False,False,True,,keep
banco_empresa.db,universo_eletronica,695,695,FRI-SABOR,117,,28893-28889,01/04/2026,28/04/2026,1300.0,PAGO,2026-04-01,2026-04-28,2026-04-01,2026-04-28,True,False,False,False,True,,keep
banco_empresa.db,universo_eletronica,696,696,VITRIUM,118,,26783 - 26784 - 26785-26786,01/04/2026,22/04/2026,6000.0,PAGO,2026-04-01,2026-04-22,2026-04-01,2026-04-22,True,False,False,False,True,,keep
banco_empresa.db,universo_eletronica,697,697,MONDELEZ,119,,29903-29933-29934-29935,01/04/2026,11/05/2026,11221.44,PAGO,2026-04-01,2026-05-11,2026-04-01,2026-05-11,True,False,False,False,True,,keep
banco_empresa.db,universo_eletronica,698,698,M DIAS BRANCO,120,,1115,01/04/2026,31/07/2026,8000.0,PAGO,2026-04-01,2026-07-31,2026-04-01,2026-07-31,True,False,False,False,True,,keep
banco_empresa.db,universo_eletronica,699,699,M DIAS BRANCO,121,,1116,01/04/2026,01/05/2026,8469.0,PAGO,2026-04-01,2026-05-01,2026-04-01,2026-05-01,True,False,False,False,True,,keep
banco_empresa.db,universo_eletronica,700,700,M DIAS BRANCO,122,,1117,01/04/2026,01/05/2026,6000.0,PAGO,2026-04-01,2026-05-01,2026-04-01,2026-05-01,True,False,False,False,True,,keep
banco_empresa.db,universo_eletronica,703,703,VITRIUM,124,,26787,01/04/2026,22/04/2026,7000.0,PAGO,2026-04-01,2026-04-22,2026-04-01,2026-04-22,True,False,False,False,True,,keep
banco_empresa.db,universo_eletronica,705,705,NORDESTE MAIS ALIMENTOS,125,SNF,30063,01/04/2026,22/04/2026,6350.0,PAGO,2026-04-01,2026-04-22,2026-04-01,2026-04-22,True,False,False,False,True,,keep
banco_empresa.db,universo_eletronica,706,706,NORDESTE MAIS ALIMENTOS,125,SNF,30063,01/04/2026,13/05/2026,6320.0,PAGO,2026-04-01,2026-05-13,2026-04-01,2026-05-13,True,False,False,False,True,,keep
banco_empresa.db,universo_eletronica,708,708,MICHELIN,126,SNF,1008 - VENDA,07/04/2026,04/05/2026,1000.0,PAGO,2026-04-07,2026-05-04,2026-04-07,2026-05-04,True,False,False,False,True,,keep
banco_empresa.db,universo_eletronica,709,709,CAMPARI,128,,1098,08/04/2026,08/06/2026,5400.0,PAGO,2026-04-08,2026-06-08,2026-04-08,2026-06-08,True,False,False,False,True,,keep
banco_empresa.db,universo_eletronica,710,710,FORTLEVE,129,,29924,08/04/2026,29/04/2026,2500.0,PAGO,2026-04-08,2026-04-29,2026-04-08,2026-04-29,True,False,False,False,True,,keep
banco_empresa.db,universo_eletronica,711,711,VIANA & MOURA,127,SNF,30045 - 30046,07/04/2026,27/04/2026,2400.0,PAGO,2026-04-07,2026-04-27,2026-04-07,2026-04-27,True,False,False,False,True,,keep
banco_empresa.db,universo_eletronica,712,712,ASA,130,1492,30094,09/04/2026,03/06/2026,5500.0,ATRASADO,2026-04-09,2026-06-03,2026-04-09,2026-06-03,True,False,False,False,True,,keep
banco_empresa.db,universo_eletronica,713,713,MONDELEZ,131,1497,29991,09/04/2026,09/07/2026,2670.35,PAGO,2026-04-09,2026-07-09,2026-04-09,2026-07-09,True,False,False,False,True,,keep
banco_empresa.db,universo_eletronica,715,715,COAF,133,1499,30012-30013,13/04/2026,04/05/2026,27000.0,PAGO,2026-04-13,2026-05-04,2026-04-13,2026-05-04,True,False,False,False,True,,keep
banco_empresa.db,universo_eletronica,716,716,MEXICHEM,134,1501,19389,13/04/2026,11/05/2026,5000.0,PAGO,2026-04-13,2026-05-11,2026-04-13,2026-05-11,True,False,False,False,True,,keep
banco_empresa.db,universo_eletronica,718,718,MONDELEZ,135,1504,29963 - 29964,14/04/2026,14/08/2026,19344.79,PAGO,2026-04-14,2026-08-14,2026-04-14,2026-08-14,True,False,False,False,True,,keep
banco_empresa.db,universo_eletronica,719,719,ARA TEXTIL,136,,30030 - 30050 - 30054,14/04/2026,14/05/2026,14250.0,PAGO,2026-04-14,2026-05-14,2026-04-14,2026-05-14,True,False,False,False,True,,keep
banco_empresa.db,universo_eletronica,720,720,DEXCO CABO,137,1506 -  ALUGUEL,1011,14/04/2026,14/05/2026,1000.0,PAGO,2026-04-14,2026-05-14,2026-04-14,2026-05-14,True,False,False,False,True,,keep
banco_empresa.db,universo_eletronica,721,721,TOTAL PLAST,138,,30075,15/04/2026,07/05/2026,6300.0,PAGO,2026-04-15,2026-05-07,2026-04-15,2026-05-07,True,False,False,False,True,,keep
banco_empresa.db,universo_eletronica,722,722,INJETEC,SNF,SNF,30141,16/04/2026,16/04/2026,500.0,PAGO,2026-04-16,2026-04-16,2026-04-16,2026-04-16,True,False,False,False,True,,keep
banco_empresa.db,universo_eletronica,723,723,FIABESA,139,,30119,22/04/2026,13/05/2026,600.0,PAGO,2026-04-22,2026-05-13,2026-04-22,2026-05-13,True,False,False,False,True,,keep
banco_empresa.db,universo_eletronica,724,724,VITRIUM,140,,26788-26789,04/05/2026,25/05/2026,14000.0,PAGO,2026-05-04,2026-05-25,2026-05-04,2026-05-25,True,False,False,False,True,,keep
banco_empresa.db,universo_eletronica,725,725,SOLERI DO BRASIL,141,,29977-29978,04/05/2026,25/05/2026,3280.0,PAGO,2026-05-04,2026-05-25,2026-05-04,2026-05-25,True,False,False,False,True,,keep
banco_empresa.db,universo_eletronica,726,726,CAMPARI,142,SNF,24719,04/05/2026,03/07/2026,8000.0,PAGO,2026-05-04,2026-07-03,2026-05-04,2026-07-03,True,False,False,False,True,,keep
banco_empresa.db,universo_eletronica,727,727,MEXICHEM,143,1507,19387 - 19388,04/05/2026,01/08/2026,13300.0,PAGO,2026-05-04,2026-08-01,2026-05-04,2026-08-01,True,False,False,False,True,,keep
banco_empresa.db,universo_eletronica,728,728,MONDELEZ,144,1519 - 1505 - 1498,30081,04/05/2026,11/05/2026,13116.21,PAGO,2026-05-04,2026-05-11,2026-05-04,2026-05-11,True,False,False,False,True,,keep
banco_empresa.db,universo_eletronica,729,729,WLC,145,,29992,04/05/2026,25/05/2026,2256.25,PAGO,2026-05-04,2026-05-25,2026-05-04,2026-05-25,True,False,False,False,True,,keep
banco_empresa.db,universo_eletronica,730,730,WLC,145,,29992,04/05/2026,09/06/2026,2256.25,PAGO,2026-05-04,2026-06-09,2026-05-04,2026-06-09,True,False,False,False,True,,keep
banco_empresa.db,universo_eletronica,731,731,WLC,145,,29992,04/05/2026,16/06/2026,2256.25,PAGO,2026-05-04,2026-06-16,2026-05-04,2026-06-16,True,False,False,False,True,,keep
banco_empresa.db,universo_eletronica,732,732,FIABESA,146,1517,30171,05/05/2026,05/06/2026,1500.0,PAGO,2026-05-05,2026-06-05,2026-05-05,2026-06-05,True,False,False,False,True,,keep
banco_empresa.db,universo_eletronica,733,733,MONDELEZ,147,1529,30087,05/05/2026,04/09/2026,5000.0,EM ABERTO,2026-05-05,2026-09-04,2026-05-05,2026-09-04,True,False,False,False,True,,keep
banco_empresa.db,universo_eletronica,734,734,ALPARGATAS,148,1539,22614-24712,06/05/2026,31/07/2026,5100.0,PAGO,2026-05-06,2026-07-31,2026-05-06,2026-07-31,True,False,False,False,True,,keep
banco_empresa.db,universo_eletronica,735,735,FRI SABOR,149,,28891,06/05/2026,31/07/2026,500.0,PAGO,2026-05-06,2026-07-31,2026-05-06,2026-07-31,True,False,False,False,True,,keep
banco_empresa.db,universo_eletronica,736,736,ASA,150,S/N,30192,06/05/2026,03/06/2026,3800.0,PAGO,2026-05-06,2026-06-03,2026-05-06,2026-06-03,True,False,False,False,True,,keep
banco_empresa.db,universo_eletronica,737,737,PERFIL PLAST,151,,30178,07/05/2026,28/05/2026,3250.0,PAGO,2026-05-07,2026-05-28,2026-05-07,2026-05-28,True,False,False,False,True,,keep
banco_empresa.db,universo_eletronica,739,739,INGREDION,153,,29918,08/05/2026,04/08/2026,40320.0,PAGO,2026-05-08,2026-08-04,2026-05-08,2026-08-04,True,False,False,False,True,,keep
banco_empresa.db,universo_eletronica,740,740,FRI-SABOR,155,SNF,30198,08/05/2026,12/06/2026,1200.0,PAGO,2026-05-08,2026-06-12,2026-05-08,2026-06-12,True,False,False,False,True,,keep
banco_empresa.db,universo_eletronica,741,741,I. F. DOS SANTOS,156,SNF,28894,08/05/2026,29/05/2026,4085.0,PAGO,2026-05-08,2026-05-29,2026-05-08,2026-05-29,True,False,False,False,True,,keep
banco_empresa.db,universo_eletronica,742,742,ARA TEXTIL,157,1526,30149,08/05/2026,29/05/2026,7500.0,PAGO,2026-05-08,2026-05-29,2026-05-08,2026-05-29,True,False,False,False,True,,keep
banco_empresa.db,universo_eletronica,743,743,FIABESA,158,1541,30202,12/05/2026,02/06/2026,3000.0,PAGO,2026-05-12,2026-06-02,2026-05-12,2026-06-02,True,False,False,False,True,,keep
banco_empresa.db,universo_eletronica,744,744,NORDESTE MAIS,159,SNF,30181,13/05/2026,03/06/2026,6000.0,PAGO,2026-05-13,2026-06-03,2026-05-13,2026-06-03,True,False,False,False,True,,keep
banco_empresa.db,universo_eletronica,745,745,NORDESTE MAIS,159,SNF,30181,13/05/2026,27/06/2026,6000.0,PAGO,2026-05-13,2026-06-27,2026-05-13,2026-06-27,True,False,False,False,True,,keep
banco_empresa.db,universo_eletronica,746,746,NORDESTE MAIS,159,SNF,30181,13/05/2026,08/07/2026,6000.0,PAGO,2026-05-13,2026-07-08,2026-05-13,2026-07-08,True,False,False,False,True,,keep
banco_empresa.db,universo_eletronica,747,747,AÇO MAIS,160,,30212,15/05/2026,29/05/2026,700.0,PAGO,2026-05-15,2026-05-29,2026-05-15,2026-05-29,True,False,False,False,True,,keep
banco_empresa.db,universo_eletronica,748,748,MONDELEZ,161,1550,28897,15/05/2026,15/09/2026,6235.0,EM ABERTO,2026-05-15,2026-09-15,2026-05-15,2026-09-15,True,False,False,False,True,,keep
banco_empresa.db,universo_eletronica,749,749,VITARELLA M DIAS BRANCO,162,1510,18319,18/05/2026,18/09/2026,3000.0,EM ABERTO,2026-05-18,2026-09-18,2026-05-18,2026-09-18,True,False,False,False,True,,keep
banco_empresa.db,universo_eletronica,750,750,MONDELEZ,163,,30088,18/05/2026,25/05/2026,11412.75,PAGO,2026-05-18,2026-05-25,2026-05-18,2026-05-25,True,False,False,False,True,,keep
banco_empresa.db,universo_eletronica,752,752,ARA TEXTIL,165,1512,1020,19/05/2026,09/06/2026,4900.0,PAGO,2026-05-19,2026-06-09,2026-05-19,2026-06-09,True,False,False,False,True,,keep
banco_empresa.db,universo_eletronica,753,753,EDK MINERAÇÃO,166,SNF,30222,21/05/2026,05/07/2026,2000.0,PAGO,2026-05-21,2026-07-05,2026-05-21,2026-07-05,True,False,False,False,True,,keep
banco_empresa.db,universo_eletronica,754,754,CAMPARI,167,,25731,01/06/2026,03/08/2026,12000.0,PAGO,2026-06-01,2026-08-03,2026-06-01,2026-08-03,True,False,False,False,True,,keep
banco_empresa.db,universo_eletronica,755,755,CAMPARI,168,,30148,01/06/2026,26/06/2026,5750.0,PAGO,2026-06-01,2026-06-26,2026-06-01,2026-06-26,True,False,False,False,True,,keep
banco_empresa.db,universo_eletronica,756,756,TOTAL PLAST,169,,30253,01/06/2026,01/07/2026,5000.0,PAGO,2026-06-01,2026-07-01,2026-06-01,2026-07-01,True,False,False,False,True,,keep
banco_empresa.db,universo_eletronica,757,757,FIABESA,170,1553,30210,01/06/2026,22/06/2026,400.0,PAGO,2026-06-01,2026-06-22,2026-06-01,2026-06-22,True,False,False,False,True,,keep
banco_empresa.db,universo_eletronica,758,758,FIABESA,171,1541,30202,02/06/2026,23/06/2026,2300.0,PAGO,2026-06-02,2026-06-23,2026-06-02,2026-06-23,True,False,False,False,True,,keep
banco_empresa.db,universo_eletronica,759,759,BRF,172,1531,30015,03/06/2026,03/07/2026,25000.0,PAGO,2026-06-03,2026-07-03,2026-06-03,2026-07-03,True,False,False,False,True,,keep
banco_empresa.db,universo_eletronica,763,763,VITRIUM,176,,29928,04/06/2026,25/06/2026,7000.0,PAGO,2026-06-04,2026-06-25,2026-06-04,2026-06-25,True,False,False,False,True,,keep
banco_empresa.db,universo_eletronica,764,764,VITRIUM,177,,28843,05/06/2026,25/06/2026,1500.0,PAGO,2026-06-05,2026-06-25,2026-06-05,2026-06-25,True,False,False,False,True,,keep
banco_empresa.db,universo_eletronica,765,765,DEXCO,178,1506,1021,05/06/2026,31/08/2026,7000.0,PAGO,2026-06-05,2026-08-31,2026-06-05,2026-08-31,True,False,False,False,True,,keep
banco_empresa.db,universo_eletronica,766,766,BRF,179,1574,30014,05/06/2026,06/07/2026,16850.0,PAGO,2026-06-05,2026-07-06,2026-06-05,2026-07-06,True,False,False,False,True,,keep
banco_empresa.db,universo_eletronica,767,767,MONDELEZ,180,1569-1538,30166 ATE 30170,05/06/2026,05/10/2026,16625.0,PAGO,2026-06-05,2026-10-05,2026-06-05,2026-10-05,True,False,False,False,True,,keep
banco_empresa.db,universo_eletronica,768,768,MONDELEZ,181,1565,30188 ATE 30191,05/06/2026,05/10/2026,9200.0,EM ABERTO,2026-06-05,2026-10-05,2026-06-05,2026-10-05,True,False,False,False,True,,keep
banco_empresa.db,universo_eletronica,769,769,MONDELEZ,182,1572,30227 ATE 30230,05/06/2026,05/10/2026,8600.0,PAGO,2026-06-05,2026-10-05,2026-06-05,2026-10-05,True,False,False,False,True,,keep
banco_empresa.db,universo_eletronica,770,770,MONDELEZ,183,1570-1564,30236-30200,05/06/2026,05/10/2026,26352.0,PAGO,2026-06-05,2026-10-05,2026-06-05,2026-10-05,True,False,False,False,True,,keep
banco_empresa.db,universo_eletronica,771,771,FIABESA,184,1567,30204,08/06/2026,31/07/2026,3000.0,ATRASADO,2026-06-08,2026-07-31,2026-06-08,2026-07-31,True,False,False,False,True,,keep
banco_empresa.db,universo_eletronica,772,772,FIABESA,186,1567,30204,08/06/2026,29/06/2026,8000.1,PAGO,2026-06-08,2026-06-29,2026-06-08,2026-06-29,True,False,False,False,True,,keep
banco_empresa.db,universo_eletronica,775,775,AMBEV,188,1576,30250,10/06/2026,01/08/2026,39235.0,PAGO,2026-06-10,2026-08-01,2026-06-10,2026-08-01,True,False,False,False,True,,keep
banco_empresa.db,universo_eletronica,776,776,ISIS,189,,30294,11/06/2026,10/07/2026,1000.0,PAGO,2026-06-11,2026-07-10,2026-06-11,2026-07-10,True,False,False,False,True,,keep
banco_empresa.db,universo_eletronica,777,777,ASA,190,,24668-24691,12/06/2026,03/07/2026,2850.0,ATRASADO,2026-06-12,2026-07-03,2026-06-12,2026-07-03,True,False,False,False,True,,keep
banco_empresa.db,universo_eletronica,778,778,MONDELEZ,191,1563,30235 - 30234 - 30233,15/06/2026,13/10/2026,7500.0,PAGO,2026-06-15,2026-10-13,2026-06-15,2026-10-13,True,False,False,False,True,,keep
banco_empresa.db,universo_eletronica,779,779,MONDELEZ,192,SNF,30298,20/06/2026,18/10/2026,1902.93,PAGO,2026-06-20,2026-10-18,2026-06-20,2026-10-18,True,False,False,False,True,,keep
banco_empresa.db,universo_eletronica,780,780,AMBEV,193,1587 - 1589,30322 - 30323 - 30324 - 30325,01/07/2026,31/07/2026,32000.0,PAGO,2026-07-01,2026-07-31,2026-07-01,2026-07-31,True,False,False,False,True,,keep
banco_empresa.db,universo_eletronica,781,781,VIANE & MOURA,194,SNF,30245,01/07/2026,22/07/2026,4500.0,PAGO,2026-07-01,2026-07-22,2026-07-01,2026-07-22,True,False,False,False,True,,keep
banco_empresa.db,universo_eletronica,782,782,MECHILAN - COMERCIO DE PEÇAS PESADAS,195,SNF,30297,01/07/2026,22/07/2026,1500.0,PAGO,2026-07-01,2026-07-22,2026-07-01,2026-07-22,True,False,False,False,True,,keep
banco_empresa.db,universo_eletronica,783,783,MECHILAN - COMERCIO DE PEÇAS PESADAS,196,SNF,30297,01/07/2026,22/07/2026,13890.0,PAGO,2026-07-01,2026-07-22,2026-07-01,2026-07-22,True,False,False,False,True,,keep
banco_empresa.db,universo_eletronica,784,784,FIABESA,197,1568,30252,01/07/2026,23/07/2026,1000.0,PAGO,2026-07-01,2026-07-23,2026-07-01,2026-07-23,True,False,False,False,True,,keep
banco_empresa.db,universo_eletronica,785,785,MONDELEZ,198,1583,30326-30327-30328-30329-30330-30331-30332 30333-30334,01/07/2026,29/10/2026,22500.0,EM ABERTO,2026-07-01,2026-10-29,2026-07-01,2026-10-29,True,False,False,False,True,,keep
banco_empresa.db,universo_eletronica,786,786,FIABESA,199,1578,30305,01/07/2026,23/07/2026,1500.0,PAGO,2026-07-01,2026-07-23,2026-07-01,2026-07-23,True,False,False,False,True,,keep
banco_empresa.db,universo_eletronica,787,787,MONDELEZ,200,1591,30255,02/07/2026,30/10/2026,5500.0,EM ABERTO,2026-07-02,2026-10-30,2026-07-02,2026-10-30,True,False,False,False,True,,keep
banco_empresa.db,universo_eletronica,788,788,MONDELEZ,201,AG NF,30258 - 30259,03/07/2026,31/10/2026,3000.0,EM ABERTO,2026-07-03,2026-10-31,2026-07-03,2026-10-31,True,False,False,False,True,,keep
banco_empresa.db,universo_eletronica,789,789,ARA TEXTIL,203,,1010,06/07/2026,05/08/2026,8500.0,PAGO,2026-07-06,2026-08-05,2026-07-06,2026-08-05,True,False,False,False,True,,keep
banco_empresa.db,universo_eletronica,790,790,VITRIUM,204,,30264,07/07/2026,28/07/2026,4000.0,PAGO,2026-07-07,2026-07-28,2026-07-07,2026-07-28,True,False,False,False,True,,keep
banco_empresa.db,universo_eletronica,791,791,INDUMOTOR,SMF,SNF,30127 - 30126,09/07/2026,24/07/2026,2500.0,ATRASADO,2026-07-09,2026-07-24,2026-07-09,2026-07-24,True,False,False,False,True,,keep
banco_empresa.db,universo_eletronica,792,792,M DIAS RN,205,1581,30303,10/07/2026,31/08/2026,12500.0,EM ABERTO,2026-07-10,2026-08-31,2026-07-10,2026-08-31,True,False,False,False,True,,keep
banco_empresa.db,universo_eletronica,793,793,MASTER BOI,202,1595 - 1560,30239 - 30241,13/07/2026,07/08/2026,2375.0,PAGO,2026-07-13,2026-08-07,2026-07-13,2026-08-07,True,False,False,False,True,,keep
banco_empresa.db,universo_eletronica,794,794,CAMPARI,206,SNF,24720,13/07/2026,11/09/2026,12000.0,EM ABERTO,2026-07-13,2026-09-11,2026-07-13,2026-09-11,True,False,False,False,True,,keep
banco_empresa.db,universo_eletronica,795,795,FRI SABOR,207,SNF,28892 - 28890,13/07/2026,15/08/2026,1350.0,PAGO,2026-07-13,2026-08-15,2026-07-13,2026-08-15,True,False,False,False,True,,keep
banco_empresa.db,universo_eletronica,796,796,FRI SABOR,207,SNF,28892 - 28890,13/07/2026,15/09/2026,1350.0,EM ABERTO,2026-07-13,2026-09-15,2026-07-13,2026-09-15,True,False,False,False,True,,keep
banco_empresa.db,universo_eletronica,797,797,COAF CRUANGI,208,,30355-30356,14/07/2026,13/08/2026,2500.0,PAGO,2026-07-14,2026-08-13,2026-07-14,2026-08-13,True,False,False,False,True,,keep
banco_empresa.db,universo_eletronica,798,798,PNEUMATEX,209,,30363,14/07/2026,03/08/2026,2000.0,PAGO,2026-07-14,2026-08-03,2026-07-14,2026-08-03,True,False,False,False,True,,keep
banco_empresa.db,universo_eletronica,799,799,COAF,1605,,1066,14/07/2026,13/08/2026,1200.0,PAGO,2026-07-14,2026-08-13,2026-07-14,2026-08-13,True,False,False,False,True,,keep
banco_empresa.db,universo_eletronica,800,800,CAMPARI,210,SNF,30091,15/07/2026,13/09/2026,4500.0,EM ABERTO,2026-07-15,2026-09-13,2026-07-15,2026-09-13,True,False,False,False,True,,keep
banco_empresa.db,universo_eletronica,801,801,IF DOS SANTOS,211,,30352-30353,15/07/2026,05/08/2026,2000.0,PAGO,2026-07-15,2026-08-05,2026-07-15,2026-08-05,True,False,False,False,True,,keep
banco_empresa.db,universo_eletronica,802,802,USINA ESTIVAS,SNF,1607,1064,17/07/2026,14/08/2026,3800.0,PAGO,2026-07-17,2026-08-14,2026-07-17,2026-08-14,True,False,False,False,True,,keep
banco_empresa.db,universo_eletronica,803,803,USINA ESTIVAS,SNF,1607,,17/07/2026,28/08/2026,3800.0,EM ABERTO,2026-07-17,2026-08-28,2026-07-17,2026-08-28,True,False,False,False,True,,keep
banco_empresa.db,universo_eletronica,804,804,MONDELEZ,212,,1061,17/07/2026,17/11/2026,6663.11,PAGO,2026-07-17,2026-11-17,2026-07-17,2026-11-17,True,False,False,False,True,,keep
banco_empresa.db,universo_eletronica,805,805,M DIAS NATAL,213,,30319,17/07/2026,31/08/2026,13017.0,EM ABERTO,2026-07-17,2026-08-31,2026-07-17,2026-08-31,True,False,False,False,True,,keep
banco_empresa.db,universo_eletronica,806,806,JOSAPAR,215,,30316,23/07/2026,12/08/2026,500.0,PAGO,2026-07-23,2026-08-12,2026-07-23,2026-08-12,True,False,False,False,True,,keep
banco_empresa.db,universo_eletronica,807,807,USINA ESTIVAS,SNF,1613,1071,23/07/2026,20/08/2026,11904.77,PAGO,2026-07-23,2026-08-20,2026-07-23,2026-08-20,True,False,False,False,True,,keep
banco_empresa.db,universo_eletronica,808,808,USINA ESTIVAS,SNF,1613,1071,23/07/2026,03/09/2026,11904.76,EM ABERTO,2026-07-23,2026-09-03,2026-07-23,2026-09-03,True,False,False,False,True,,keep
banco_empresa.db,universo_eletronica,810,810,NORAL,30417,,,28/07/2026,18/08/2026,4500.0,PAGO,2026-07-28,2026-08-18,2026-07-28,2026-08-18,True,False,False,False,True,,keep
banco_empresa.db,universo_eletronica,811,811,MONDELEZ,217,1620,30358,03/08/2026,01/12/2026,6122.0,PAGO,2026-08-03,2026-12-01,2026-08-03,2026-12-01,True,False,False,False,True,,keep
banco_empresa.db,universo_eletronica,812,812,FIABESA,218,1619,30419,03/08/2026,24/08/2026,1500.0,EM ABERTO,2026-08-03,2026-08-24,2026-08-03,2026-08-24,True,False,False,False,True,,keep
banco_empresa.db,universo_eletronica,813,813,NORDESTE MAIS ALIMENTOS,219,SNF,30399,03/08/2026,24/08/2026,6882.0,EM ABERTO,2026-08-03,2026-08-24,2026-08-03,2026-08-24,True,False,False,False,True,,keep
banco_empresa.db,universo_eletronica,814,814,I F DOS SANTOS,220,SNF,30367 - 30366 - 30365 - 30364,03/08/2026,24/08/2026,2800.0,EM ABERTO,2026-08-03,2026-08-24,2026-08-03,2026-08-24,True,False,False,False,True,,keep
banco_empresa.db,universo_eletronica,815,815,AMBEV,SNF,1625,1085,03/08/2026,03/09/2026,9000.0,EM ABERTO,2026-08-03,2026-09-03,2026-08-03,2026-09-03,True,False,False,False,True,,keep
banco_empresa.db,universo_eletronica,817,817,FRI SABOR,222,SNF,30376,03/08/2026,01/09/2026,1100.0,PAGO,2026-08-03,2026-09-01,2026-08-03,2026-09-01,True,False,False,False,True,,keep
banco_empresa.db,universo_eletronica,818,818,PNEUMATEX LTDA,223,SNF,30403,04/08/2026,24/08/2026,1500.0,EM ABERTO,2026-08-04,2026-08-24,2026-08-04,2026-08-24,True,False,False,False,True,,keep
banco_empresa.db,universo_eletronica,819,819,ALPARGATAS CARPINA,224,1618,1082,04/08/2026,02/11/2026,11100.0,EM ABERTO,2026-08-04,2026-11-02,2026-08-04,2026-11-02,True,False,False,False,True,,keep
banco_empresa.db,universo_eletronica,820,820,MABOR,225,SNF,30307 - 30308 - 30309,04/08/2026,19/08/2026,2137.5,PAGO,2026-08-04,2026-08-19,2026-08-04,2026-08-19,True,False,False,False,True,,keep
banco_empresa.db,universo_eletronica,821,821,MABOR,225,SNF,30307 - 30308 - 30309,04/08/2026,03/09/2026,2137.5,EM ABERTO,2026-08-04,2026-09-03,2026-08-04,2026-09-03,True,False,False,False,True,,keep
banco_empresa.db,universo_eletronica,822,822,ASIAPLAST,226,SNF,30444,04/08/2026,25/08/2026,3800.0,EM ABERTO,2026-08-04,2026-08-25,2026-08-04,2026-08-25,True,False,False,False,True,,keep
banco_empresa.db,universo_eletronica,823,823,ALPARGATAS CARPINA,228,1615,30374,04/08/2026,02/11/2026,15000.0,EM ABERTO,2026-08-04,2026-11-02,2026-08-04,2026-11-02,True,False,False,False,True,,keep
banco_empresa.db,universo_eletronica,824,824,NOVA CONPEL,229,1593,1063,04/08/2026,02/09/2026,10000.0,EM ABERTO,2026-08-04,2026-09-02,2026-08-04,2026-09-02,True,False,False,False,True,,keep
banco_empresa.db,universo_eletronica,825,825,FIABESA,231,1629,30267,05/08/2026,26/08/2026,5500.0,EM ABERTO,2026-08-05,2026-08-26,2026-08-05,2026-08-26,True,False,False,False,True,,keep
banco_empresa.db,universo_eletronica,826,826,RUPLAST,230,SNF,30382,05/08/2026,26/08/2026,800.0,EM ABERTO,2026-08-05,2026-08-26,2026-08-05,2026-08-26,True,False,False,False,True,,keep
banco_empresa.db,universo_eletronica,827,827,MONDELEZ,232,1592,30350,05/08/2026,04/12/2026,1500.0,EM ABERTO,2026-08-05,2026-12-04,2026-08-05,2026-12-04,True,False,False,False,True,,keep
banco_empresa.db,universo_eletronica,828,828,MONDELEZ,233,SNF,1065,05/08/2026,05/12/2026,24110.9,PAGO,2026-08-05,2026-12-05,2026-08-05,2026-12-05,True,False,False,False,True,,keep
banco_empresa.db,universo_eletronica,829,829,FIABESA,234,1630,30337,05/08/2026,26/08/2026,2000.0,EM ABERTO,2026-08-05,2026-08-26,2026-08-05,2026-08-26,True,False,False,False,True,,keep
banco_empresa.db,universo_eletronica,830,830,NORDESTE MAIS,235,SNF,1076,05/08/2026,26/08/2026,2750.0,EM ABERTO,2026-08-05,2026-08-26,2026-08-05,2026-08-26,True,False,False,False,True,,keep
banco_empresa.db,universo_eletronica,831,831,MONDELEZ,236,SNF,1057,05/08/2026,06/12/2026,8400.0,EM ABERTO,2026-08-05,2026-12-06,2026-08-05,2026-12-06,True,False,False,False,True,,keep
banco_empresa.db,universo_eletronica,832,832,ALPHA PLAST,221,SNF,30057-30060,03/08/2026,24/08/2026,4100.0,EM ABERTO,2026-08-03,2026-08-24,2026-08-03,2026-08-24,True,False,False,False,True,,keep
banco_empresa.db,universo_eletronica,833,833,SIDORE,237,SNF,30424,10/08/2026,31/08/2026,1200.0,EM ABERTO,2026-08-10,2026-08-31,2026-08-10,2026-08-31,True,False,False,False,True,,keep
banco_empresa.db,universo_eletronica,834,834,ALPARGATAS CARPINA,239,1633,30454,12/08/2026,10/11/2026,17000.0,EM ABERTO,2026-08-12,2026-11-10,2026-08-12,2026-11-10,True,False,False,False,True,,keep
banco_empresa.db,universo_eletronica,835,835,FIABESA,241,1636,30457,12/08/2026,09/09/2026,2000.0,EM ABERTO,2026-08-12,2026-09-09,2026-08-12,2026-09-09,True,False,False,False,True,,keep
banco_empresa.db,universo_eletronica,836,836,VITRIUM,240,S/NF,30384,12/08/2026,09/09/2026,3000.0,EM ABERTO,2026-08-12,2026-09-09,2026-08-12,2026-09-09,True,False,False,False,True,,keep
banco_empresa.db,universo_eletronica,837,837,ISOESTE,244,SNF,30404,12/08/2026,09/09/2026,2000.0,EM ABERTO,2026-08-12,2026-09-09,2026-08-12,2026-09-09,True,False,False,False,True,,keep
banco_empresa.db,universo_eletronica,838,838,UNILEVER,246,1637,50033,13/08/2026,11/11/2026,33500.0,EM ABERTO,2026-08-13,2026-11-11,2026-08-13,2026-11-11,True,False,False,False,True,,keep
banco_empresa.db,universo_eletronica,839,839,MASTER BOI,249,,30348,13/08/2026,02/11/2026,2090.0,EM ABERTO,2026-08-13,2026-11-02,2026-08-13,2026-11-02,True,False,False,False,True,,keep
banco_empresa.db,universo_eletronica,840,840,USINA ESTIVAS,250,1638,30428,13/08/2026,14/09/2026,36105.0,EM ABERTO,2026-08-13,2026-09-14,2026-08-13,2026-09-14,True,False,False,False,True,,keep
banco_empresa.db,universo_eletronica,841,841,USINA ESTIVAS,250,1638,30428,13/08/2026,12/10/2026,36105.0,EM ABERTO,2026-08-13,2026-10-12,2026-08-13,2026-10-12,True,False,False,False,True,,keep
banco_empresa.db,universo_eletronica,842,842,FIBRASA,251,1640,30433,17/08/2026,16/09/2026,5500.0,EM ABERTO,2026-08-17,2026-09-16,2026-08-17,2026-09-16,True,False,False,False,True,,keep
banco_empresa.db,universo_eletronica,843,843,USINA SÃO JOSÉ,275,1642,30463 - 30464,20/08/2026,21/09/2026,12223.65,EM ABERTO,2026-08-20,2026-09-21,2026-08-20,2026-09-21,True,False,False,False,True,,keep
banco_empresa.db,universo_eletronica,845,845,MONDELEZ,254,1647,30447,21/08/2026,19/09/2026,1400.0,EM ABERTO,2026-08-21,2026-09-19,2026-08-21,2026-09-19,True,False,False,False,True,,keep
banco_empresa.db,universo_eletronica,846,846,MONDELEZ,255,1596,30341,21/08/2026,19/09/2026,6900.0,EM ABERTO,2026-08-21,2026-09-19,2026-08-21,2026-09-19,True,False,False,False,True,,keep
banco_empresa.db,universo_eletronica,847,847,FIABESA,256,148869,30336,21/08/2026,21/08/2026,1200.0,EM ABERTO,2026-08-21,2026-08-21,2026-08-21,2026-08-21,True,False,False,False,True,,keep
banco_automacao.db,universo_automacao,1,1,ASIA PLAST,1,S/N,-,29/08/2023,29/08/2023,2500.0,PAGO,2023-08-29,2023-08-29,2023-08-29,2023-08-29,True,False,False,False,True,,keep
banco_automacao.db,universo_automacao,2,2,FAZENDA TIMBAUBA,6,-,-,15/09/2023,21/09/2023,2400.0,PAGO,2023-09-15,2023-09-21,2023-09-15,2023-09-21,True,False,False,False,True,,keep
banco_automacao.db,universo_automacao,3,3,PERFILPLAST,7,-,-,19/09/2023,22/09/2023,15000.0,PAGO,2023-09-19,2023-09-22,2023-09-19,2023-09-22,True,False,False,False,True,,keep
banco_automacao.db,universo_automacao,5,5,TESS,4,4,-,13/09/2023,13/10/2023,2500.0,PAGO,2023-09-13,2023-10-13,2023-09-13,2023-10-13,True,False,False,False,True,,keep
banco_automacao.db,universo_automacao,7,7,AMAZON,11,-,-,18/10/2023,23/10/2023,1000.0,PAGO,2023-10-18,2023-10-23,2023-10-18,2023-10-23,True,False,False,False,True,,keep
banco_automacao.db,universo_automacao,8,8,TESS,12,9,-,19/10/2023,18/11/2023,3000.0,PAGO,2023-10-19,2023-11-18,2023-10-19,2023-11-18,True,False,False,False,True,,keep
banco_automacao.db,universo_automacao,9,9,TESS,13,6,-,20/10/2023,20/11/2023,8500.0,PAGO,2023-10-20,2023-11-20,2023-10-20,2023-11-20,True,False,False,False,True,,keep
banco_automacao.db,universo_automacao,10,10,CORURIPE,14,-,-,01/11/2023,02/01/2023,15550.66,PAGO,2023-11-01,2023-01-02,2023-11-01,2023-01-02,True,False,False,False,True,,keep
banco_automacao.db,universo_automacao,11,11,CORURIPE,23,-,-,01/11/2023,22/01/2024,22149.34,PAGO,2023-11-01,2024-01-22,2023-11-01,2024-01-22,True,False,False,False,True,,keep
banco_automacao.db,universo_automacao,12,12,CORURIPE,16,-,-,01/11/2023,02/01/2023,8000.0,PAGO,2023-11-01,2023-01-02,2023-11-01,2023-01-02,True,False,False,False,True,,keep
banco_automacao.db,universo_automacao,13,13,AÇO PRONTO,17,-,-,06/11/2023,06/12/2023,15000.0,PAGO,2023-11-06,2023-12-06,2023-11-06,2023-12-06,True,False,False,False,True,,keep
banco_automacao.db,universo_automacao,14,14,CORURIPE,18,-,-,10/11/2023,10/01/2024,27300.0,PAGO,2023-11-10,2024-01-10,2023-11-10,2024-01-10,True,False,False,False,True,,keep
banco_automacao.db,universo_automacao,15,15,CORURIPE,19,41,-,14/11/2023,20/01/2024,40000.0,PAGO,2023-11-14,2024-01-20,2023-11-14,2024-01-20,True,False,False,False,True,,keep
banco_automacao.db,universo_automacao,16,16,IMPACTO,20,12,-,15/11/2023,21/12/2023,7500.0,PAGO,2023-11-15,2023-12-21,2023-11-15,2023-12-21,True,False,False,False,True,,keep
banco_automacao.db,universo_automacao,17,17,CORURIPE,21,-,-,15/11/2023,02/01/2023,15053.9,PAGO,2023-11-15,2023-01-02,2023-11-15,2023-01-02,True,False,False,False,True,,keep
banco_automacao.db,universo_automacao,18,18,LUNA MOVEIS,SNF,RECIBO,-,17/11/2023,17/12/2023,1600.0,PAGO,2023-11-17,2023-12-17,2023-11-17,2023-12-17,True,False,False,False,True,,keep
banco_automacao.db,universo_automacao,20,20,USINA JAPUNGU,SNF,SNF,-,22/11/2023,22/11/2023,41000.0,PAGO,2023-11-22,2023-11-22,2023-11-22,2023-11-22,True,False,False,False,True,,keep
banco_automacao.db,universo_automacao,21,21,USINA ESTIVAS,24,SNF,-,28/11/2023,19/12/2023,25000.0,PAGO,2023-11-28,2023-12-19,2023-11-28,2023-12-19,True,False,False,False,True,,keep
banco_automacao.db,universo_automacao,22,22,USINA CORURIPE,25,188412,-,01/12/2023,20/01/2024,28000.0,PAGO,2023-12-01,2024-01-20,2023-12-01,2024-01-20,True,False,False,False,True,,keep
banco_automacao.db,universo_automacao,23,23,CEARA MIRIM,28,15,-,06/12/2023,03/01/2024,4000.05,PAGO,2023-12-06,2024-01-03,2023-12-06,2024-01-03,True,False,False,False,True,,keep
banco_automacao.db,universo_automacao,24,24,CAFE OURO VERDE,29 'WHATS',SNF,-,11/12/2023,28/12/2023,4500.0,PAGO,2023-12-11,2023-12-28,2023-12-11,2023-12-28,True,False,False,False,True,,keep
banco_automacao.db,universo_automacao,25,25,GRUPO FARIAS,30,19,-,11/12/2023,10/01/2024,4750.0,PAGO,2023-12-11,2024-01-10,2023-12-11,2024-01-10,True,False,False,False,True,,keep
banco_automacao.db,universo_automacao,26,26,JAPUNGU,31,24,-,13/12/2023,15/12/2023,41850.0,PAGO,2023-12-13,2023-12-15,2023-12-13,2023-12-15,True,False,False,False,True,,keep
banco_automacao.db,universo_automacao,27,27,CEARA MIRIM,32,25,-,15/12/2023,17/01/2023,2350.0,PAGO,2023-12-15,2023-01-17,2023-12-15,2023-01-17,True,False,False,False,True,,keep
banco_automacao.db,universo_automacao,28,28,TESS,33,26,-,19/12/2023,18/01/2024,5428.0,PAGO,2023-12-19,2024-01-18,2023-12-19,2024-01-18,True,False,False,False,True,,keep
banco_automacao.db,universo_automacao,30,30,USINCA CUCAU,35,31,-,02/01/2024,29/01/2024,9000.0,PAGO,2024-01-02,2024-01-29,2024-01-02,2024-01-29,True,False,False,False,True,,keep
banco_automacao.db,universo_automacao,31,31,ISOESTE,36,605,-,05/01/2024,31/01/2024,500.0,PAGO,2024-01-05,2024-01-31,2024-01-05,2024-01-31,True,False,False,False,True,,keep
banco_automacao.db,universo_automacao,32,32,IF DOS SANTOS,SNF,SNF,-,15/01/2024,15/01/2024,6000.0,PAGO,2024-01-15,2024-01-15,2024-01-15,2024-01-15,True,False,False,False,True,,keep
banco_automacao.db,universo_automacao,33,33,JAPUNGU,38,34,-,17/01/2024,18/01/2024,7650.0,PAGO,2024-01-17,2024-01-18,2024-01-17,2024-01-18,True,False,False,False,True,,keep
banco_automacao.db,universo_automacao,34,34,CEARA MIRIN,39,36,-,18/01/2024,07/02/2024,2350.0,PAGO,2024-01-18,2024-02-07,2024-01-18,2024-02-07,True,False,False,False,True,,keep
banco_automacao.db,universo_automacao,35,35,URUBA,40,40,-,19/01/2024,18/02/2024,2850.0,PAGO,2024-01-19,2024-02-18,2024-01-19,2024-02-18,True,False,False,False,True,,keep
banco_automacao.db,universo_automacao,36,36,ISOESTE,41,646,-,22/01/2024,21/02/2024,9000.0,PAGO,2024-01-22,2024-02-21,2024-01-22,2024-02-21,True,False,False,False,True,,keep
banco_automacao.db,universo_automacao,37,37,IPM,SNF,45,-,23/01/2024,12/02/2024,2500.0,PAGO,2024-01-23,2024-02-12,2024-01-23,2024-02-12,True,False,False,False,True,,keep
banco_automacao.db,universo_automacao,38,38,CAPRICHE,42,38,-,24/01/2024,20/02/2024,2500.0,PAGO,2024-01-24,2024-02-20,2024-01-24,2024-02-20,True,False,False,False,True,,keep
banco_automacao.db,universo_automacao,39,39,KRONA,43,33,-,25/01/2024,04/03/2024,2000.0,PAGO,2024-01-25,2024-03-04,2024-01-25,2024-03-04,True,False,False,False,True,,keep
banco_automacao.db,universo_automacao,40,40,USINCA CUCAU ZIHUATANEJO,55 venda,-,-,30/01/2024,30/01/2024,10000.0,PAGO,2024-01-30,2024-01-30,2024-01-30,2024-01-30,True,False,False,False,True,,keep
banco_automacao.db,universo_automacao,41,41,USINCA CUCAU ZIHUATANEJO,55 venda,-,-,31/01/2024,30/01/2024,10000.0,PAGO,2024-01-31,2024-01-30,2024-01-31,2024-01-30,True,False,False,False,True,,keep
banco_automacao.db,universo_automacao,42,42,ISOESTE,45,647,-,01/02/2024,21/02/2024,4300.0,PAGO,2024-02-01,2024-02-21,2024-02-01,2024-02-21,True,False,False,False,True,,keep
banco_automacao.db,universo_automacao,43,43,ISOESTE,46,SNF,-,02/02/2024,22/02/2024,2500.0,PAGO,2024-02-02,2024-02-22,2024-02-02,2024-02-22,True,False,False,False,True,,keep
banco_automacao.db,universo_automacao,44,44,CORURIPE,48,18 -28 - 48,-,06/02/2024,20/03/2024,60000.0,PAGO,2024-02-06,2024-03-20,2024-02-06,2024-03-20,True,False,False,False,True,,keep
banco_automacao.db,universo_automacao,45,45,UTINGA,49,50,-,14/02/2024,20/12/2024,7600.0,PAGO,2024-02-14,2024-12-20,2024-02-14,2024-12-20,True,False,False,False,True,,keep
banco_automacao.db,universo_automacao,46,46,AGROVAL,50,SNF,-,15/02/2024,07/03/2024,33092.0,PAGO,2024-02-15,2024-03-07,2024-02-15,2024-03-07,True,False,False,False,True,,keep
banco_automacao.db,universo_automacao,47,47,INTERLIGAÇÃO,51,SNF,-,20/02/2024,11/03/2024,2500.0,PAGO,2024-02-20,2024-03-11,2024-02-20,2024-03-11,True,False,False,False,True,,keep
banco_automacao.db,universo_automacao,48,48,USINCA CUCAU ZIHUATANEJO,55 venda,-,-,21/02/2024,22/02/2024,8000.0,PAGO,2024-02-21,2024-02-22,2024-02-21,2024-02-22,True,False,False,False,True,,keep
banco_automacao.db,universo_automacao,49,49,USINCA CUCAU ZIHUATANEJO,55 venda,-,-,21/02/2024,01/03/2024,5000.0,PAGO,2024-02-21,2024-03-01,2024-02-21,2024-03-01,True,False,False,False,True,,keep
banco_automacao.db,universo_automacao,50,50,USINCA CUCAU ZIHUATANEJO,55 venda,-,-,21/02/2024,08/03/2024,5000.0,PAGO,2024-02-21,2024-03-08,2024-02-21,2024-03-08,True,False,False,False,True,,keep
banco_automacao.db,universo_automacao,51,51,USINCA CUCAU ZIHUATANEJO,55 venda,-,-,21/02/2024,18/03/2024,4000.0,PAGO,2024-02-21,2024-03-18,2024-02-21,2024-03-18,True,False,False,False,True,,keep
banco_automacao.db,universo_automacao,52,52,USINCA CUCAU ZIHUATANEJO,55 venda,-,-,21/02/2024,02/04/2024,8000.0,PAGO,2024-02-21,2024-04-02,2024-02-21,2024-04-02,True,False,False,False,True,,keep
banco_automacao.db,universo_automacao,53,53,AGROVAL,52,57,-,22/02/2024,21/03/2024,16000.0,PAGO,2024-02-22,2024-03-21,2024-02-22,2024-03-21,True,False,False,False,True,,keep
banco_automacao.db,universo_automacao,54,54,AGROVAL,54,59,-,05/03/2024,26/03/2024,14000.0,PAGO,2024-03-05,2024-03-26,2024-03-05,2024-03-26,True,False,False,False,True,,keep
banco_automacao.db,universo_automacao,55,55,ITAESBRA,55,SNF,-,12/03/2024,10/04/2024,2000.0,PAGO,2024-03-12,2024-04-10,2024-03-12,2024-04-10,True,False,False,False,True,,keep
banco_automacao.db,universo_automacao,56,56,AGROVAL,57,62,-,28/03/2024,22/04/2024,35000.0,PAGO,2024-03-28,2024-04-22,2024-03-28,2024-04-22,True,False,False,False,True,,keep
banco_automacao.db,universo_automacao,57,57,VISE,SNF,SNF,14935,21/03/2025,21/03/2025,2750.0,PAGO,2025-03-21,2025-03-21,2025-03-21,2025-03-21,True,False,False,False,True,,keep
banco_automacao.db,universo_automacao,59,59,CORURIPE,58,61,-,01/04/2024,31/05/2024,30000.0,PAGO,2024-04-01,2024-05-31,2024-04-01,2024-05-31,True,False,False,False,True,,keep
banco_automacao.db,universo_automacao,60,60,CERES ENERGIA,59,SNF,-,02/04/2024,22/04/2024,5500.0,PAGO,2024-04-02,2024-04-22,2024-04-02,2024-04-22,True,False,False,False,True,,keep
banco_automacao.db,universo_automacao,61,61,CORURIPE,61,11-41-61,-,08/04/2024,23/05/2024,102300.0,PAGO,2024-04-08,2024-05-23,2024-04-08,2024-05-23,True,False,False,False,True,,keep
banco_automacao.db,universo_automacao,62,62,CORURIPE,62,61,-,08/04/2024,30/05/2024,60450.0,PAGO,2024-04-08,2024-05-30,2024-04-08,2024-05-30,True,False,False,False,True,,keep
banco_automacao.db,universo_automacao,63,63,CORURIPE,63,67,-,09/04/2024,24/05/2024,37200.0,PAGO,2024-04-09,2024-05-24,2024-04-09,2024-05-24,True,False,False,False,True,,keep
banco_automacao.db,universo_automacao,64,64,KRONA,64,69,-,10/04/2024,13/05/2024,5000.0,PAGO,2024-04-10,2024-05-13,2024-04-10,2024-05-13,True,False,False,False,True,,keep
banco_automacao.db,universo_automacao,65,65,JOSE FILENO,BOLETO,SNF,-,10/04/2024,01/05/2024,300.0,PAGO,2024-04-10,2024-05-01,2024-04-10,2024-05-01,True,False,False,False,True,,keep
banco_automacao.db,universo_automacao,66,66,JOSE FILENO,BOLETO,SNF,-,11/04/2024,01/06/2024,300.0,PAGO,2024-04-11,2024-06-01,2024-04-11,2024-06-01,True,False,False,False,True,,keep
banco_automacao.db,universo_automacao,67,67,SAAM TOWAGE BRASIL,66,SNF,-,11/04/2024,13/05/2024,600.0,PAGO,2024-04-11,2024-05-13,2024-04-11,2024-05-13,True,False,False,False,True,,keep
banco_automacao.db,universo_automacao,68,68,CEARA MIRIM,67,70,-,12/04/2024,02/05/2024,2850.0,PAGO,2024-04-12,2024-05-02,2024-04-12,2024-05-02,True,False,False,False,True,,keep
banco_automacao.db,universo_automacao,69,69,KRONA,69,71,-,19/04/2024,10/05/2024,2500.0,PAGO,2024-04-19,2024-05-10,2024-04-19,2024-05-10,True,False,False,False,True,,keep
banco_automacao.db,universo_automacao,70,70,COPERVALES,71,95,-,26/04/2024,26/05/2024,8500.0,PAGO,2024-04-26,2024-05-26,2024-04-26,2024-05-26,True,False,False,False,True,,keep
banco_automacao.db,universo_automacao,71,71,COPERVALES,71,95,-,26/04/2024,10/06/2024,8500.0,PAGO,2024-04-26,2024-06-10,2024-04-26,2024-06-10,True,False,False,False,True,,keep
banco_automacao.db,universo_automacao,72,72,CENTRO AR,72,SNF,-,06/05/2024,27/05/2024,3000.0,PAGO,2024-05-06,2024-05-27,2024-05-06,2024-05-27,True,False,False,False,True,,keep
banco_automacao.db,universo_automacao,73,73,KRONA,73,75,-,06/05/2024,27/05/2024,3500.0,PAGO,2024-05-06,2024-05-27,2024-05-06,2024-05-27,True,False,False,False,True,,keep
banco_automacao.db,universo_automacao,74,74,INDUSTRIA E COMERCIO - VASSOURA,S/N,ORC 82,-,10/05/2024,10/05/2024,1750.0,PAGO,2024-05-10,2024-05-10,2024-05-10,2024-05-10,True,False,False,False,True,,keep
banco_automacao.db,universo_automacao,75,75,KRONA,75,105,-,13/05/2024,03/06/2024,2500.0,PAGO,2024-05-13,2024-06-03,2024-05-13,2024-06-03,True,False,False,False,True,,keep
banco_automacao.db,universo_automacao,76,76,IPM,SNF,106,-,13/05/2024,12/06/2024,2700.0,PAGO,2024-05-13,2024-06-12,2024-05-13,2024-06-12,True,False,False,False,True,,keep
banco_automacao.db,universo_automacao,77,77,CAPRICHE,76,65,-,16/05/2024,06/06/2024,4000.0,PAGO,2024-05-16,2024-06-06,2024-05-16,2024-06-06,True,False,False,False,True,,keep
banco_automacao.db,universo_automacao,78,78,AGROVAL,78,110,-,27/05/2024,17/06/2024,19065.0,PAGO,2024-05-27,2024-06-17,2024-05-27,2024-06-17,True,False,False,False,True,,keep
banco_automacao.db,universo_automacao,80,80,AGROVAL,79,99 / 101 / 79 / 107 / 110,-,03/06/2024,07/06/2024,61987.5,PAGO,2024-06-03,2024-06-07,2024-06-03,2024-06-07,True,False,False,False,True,,keep
banco_automacao.db,universo_automacao,81,81,USINA CORURIPE,80,113,-,04/06/2024,31/07/2024,32000.0,PAGO,2024-06-04,2024-07-31,2024-06-04,2024-07-31,True,False,False,False,True,,keep
banco_automacao.db,universo_automacao,82,82,INDUSTRIA E COMERCIO DE ARTEFATOS,SNF,SNF,-,10/06/2024,10/05/2024,1750.0,PAGO,2024-06-10,2024-05-10,2024-06-10,2024-05-10,True,False,False,False,True,,keep
banco_automacao.db,universo_automacao,83,83,CEARA MIRIM,81,115,-,13/06/2024,19/07/2024,2000.02,PAGO,2024-06-13,2024-07-19,2024-06-13,2024-07-19,True,False,False,False,True,,keep
banco_automacao.db,universo_automacao,84,84,KRONA,82,118,-,20/06/2024,11/07/2024,4000.0,PAGO,2024-06-20,2024-07-11,2024-06-20,2024-07-11,True,False,False,False,True,,keep
banco_automacao.db,universo_automacao,85,85,AGROVAL,83,116,-,20/06/2024,28/06/2024,11500.0,PAGO,2024-06-20,2024-06-28,2024-06-20,2024-06-28,True,False,False,False,True,,keep
banco_automacao.db,universo_automacao,86,86,KLABIN,84,109,-,25/06/2024,01/08/2024,33250.0,PAGO,2024-06-25,2024-08-01,2024-06-25,2024-08-01,True,False,False,False,True,,keep
banco_automacao.db,universo_automacao,87,87,AGROVAL,85,123,-,28/06/2024,05/07/2024,12000.0,PAGO,2024-06-28,2024-07-05,2024-06-28,2024-07-05,True,False,False,False,True,,keep
banco_automacao.db,universo_automacao,88,88,BOKUS,86,SNF,-,28/06/2024,19/07/2024,900.0,PAGO,2024-06-28,2024-07-19,2024-06-28,2024-07-19,True,False,False,False,True,,keep
banco_automacao.db,universo_automacao,89,89,USINA SÃO JOSE,88,839,-,03/07/2024,13/08/2024,18050.0,PAGO,2024-07-03,2024-08-13,2024-07-03,2024-08-13,True,False,False,False,True,,keep
banco_automacao.db,universo_automacao,90,90,MUSASHI,89,108,-,08/07/2024,29/07/2024,1615.0,PAGO,2024-07-08,2024-07-29,2024-07-08,2024-07-29,True,False,False,False,True,,keep
banco_automacao.db,universo_automacao,91,91,FAZENDA TIMBAUBA,90 - WHATS,SNF,-,09/07/2024,26/07/2024,2300.0,PAGO,2024-07-09,2024-07-26,2024-07-09,2024-07-26,True,False,False,False,True,,keep
banco_automacao.db,universo_automacao,92,92,BOKUS,91,SNF,-,09/07/2024,30/07/2024,5666.0,PAGO,2024-07-09,2024-07-30,2024-07-09,2024-07-30,True,False,False,False,True,,keep
banco_automacao.db,universo_automacao,93,93,BOKUS,91,SNF,-,09/07/2024,02/08/2024,5666.0,PAGO,2024-07-09,2024-08-02,2024-07-09,2024-08-02,True,False,False,False,True,,keep
banco_automacao.db,universo_automacao,94,94,BOKUS,91,SNF,-,09/07/2024,12/08/2024,5668.0,PAGO,2024-07-09,2024-08-12,2024-07-09,2024-08-12,True,False,False,False,True,,keep
banco_automacao.db,universo_automacao,95,95,BOKUS,SNF,126,-,09/07/2024,08/08/2024,1350.0,PAGO,2024-07-09,2024-08-08,2024-07-09,2024-08-08,True,False,False,False,True,,keep
banco_automacao.db,universo_automacao,96,96,AGROVAL,92,123,-,10/07/2024,31/07/2024,7000.0,PAGO,2024-07-10,2024-07-31,2024-07-10,2024-07-31,True,False,False,False,True,,keep
banco_automacao.db,universo_automacao,97,97,CIMENTO NACIONAL,93,120,-,10/07/2024,06/08/2024,12000.0,PAGO,2024-07-10,2024-08-06,2024-07-10,2024-08-06,True,False,False,False,True,,keep
banco_automacao.db,universo_automacao,98,98,CENTRO AR,94,SNF,-,11/07/2024,01/08/2024,3000.0,PAGO,2024-07-11,2024-08-01,2024-07-11,2024-08-01,True,False,False,False,True,,keep
banco_automacao.db,universo_automacao,99,99,TRAPICHE,95,127,-,25/07/2024,03/09/2024,8500.0,PAGO,2024-07-25,2024-09-03,2024-07-25,2024-09-03,True,False,False,False,True,,keep
banco_automacao.db,universo_automacao,100,100,VALE DO AMARAIAL,SNF,SNF,-,01/08/2024,01/08/2024,6000.0,PAGO,2024-08-01,2024-08-01,2024-08-01,2024-08-01,True,False,False,False,True,,keep
banco_automacao.db,universo_automacao,101,101,VALE DO AMARAIAL,SNF,SNF,-,01/08/2024,30/08/2024,6000.0,PAGO,2024-08-01,2024-08-30,2024-08-01,2024-08-30,True,False,False,False,True,,keep
banco_automacao.db,universo_automacao,102,102,CAPRICCHE,97,134,6404,01/08/2024,29/08/2024,2000.0,PAGO,2024-08-01,2024-08-29,2024-08-01,2024-08-29,True,False,False,False,True,,keep
banco_automacao.db,universo_automacao,103,103,USINA TAQUARI,98,135,6446,05/08/2024,06/12/2024,12800.0,PAGO,2024-08-05,2024-12-06,2024-08-05,2024-12-06,True,False,False,False,True,,keep
banco_automacao.db,universo_automacao,104,104,VALE DO AMARAIAL,SNF,SNF,-,05/08/2024,06/09/2024,6000.0,PAGO,2024-08-05,2024-09-06,2024-08-05,2024-09-06,True,False,False,False,True,,keep
banco_automacao.db,universo_automacao,105,105,VALE DO AMARAIAL,SNF,SNF,-,05/08/2024,27/09/2024,4000.0,PAGO,2024-08-05,2024-09-27,2024-08-05,2024-09-27,True,False,False,False,True,,keep
banco_automacao.db,universo_automacao,106,106,ITAESBRA,99,SNF,-,06/08/2024,27/08/2024,1000.0,PAGO,2024-08-06,2024-08-27,2024-08-06,2024-08-27,True,False,False,False,True,,keep
banco_automacao.db,universo_automacao,107,107,IPM,100,SNF,-,06/08/2024,21/08/2024,4500.0,PAGO,2024-08-06,2024-08-21,2024-08-06,2024-08-21,True,False,False,False,True,,keep
banco_automacao.db,universo_automacao,108,108,IPM,100,SNF,-,07/08/2024,05/09/2024,4500.0,PAGO,2024-08-07,2024-09-05,2024-08-07,2024-09-05,True,False,False,False,True,,keep
banco_automacao.db,universo_automacao,109,109,USINA SAO JOSE,101,140,-,12/08/2024,03/09/2024,2850.0,PAGO,2024-08-12,2024-09-03,2024-08-12,2024-09-03,True,False,False,False,True,,keep
banco_automacao.db,universo_automacao,111,111,KLABIN,103,141,-,21/08/2024,01/11/2024,2000.0,PAGO,2024-08-21,2024-11-01,2024-08-21,2024-11-01,True,False,False,False,True,,keep
banco_automacao.db,universo_automacao,112,112,USINA SÃO JOAO,127,SNF,8487 / 8488,22/08/2024,22/08/2024,6000.0,PAGO,2024-08-22,2024-08-22,2024-08-22,2024-08-22,True,False,False,False,True,,keep
banco_automacao.db,universo_automacao,113,113,USINA SÃO JOAO,127,SNF,8488 / 8488,23/08/2024,06/09/2024,6000.0,PAGO,2024-08-23,2024-09-06,2024-08-23,2024-09-06,True,False,False,False,True,,keep
banco_automacao.db,universo_automacao,114,114,USINA SÃO JOAO,127,SNF,8489 / 8488,24/08/2024,17/09/2024,6000.0,PAGO,2024-08-24,2024-09-17,2024-08-24,2024-09-17,True,False,False,False,True,,keep
banco_automacao.db,universo_automacao,116,116,PIPOCA BOKUS,105,SNF,-,27/08/2024,17/09/2024,1900.0,PAGO,2024-08-27,2024-09-17,2024-08-27,2024-09-17,True,False,False,False,True,,keep
banco_automacao.db,universo_automacao,117,117,JAPUNGU,106,152,-,27/08/2024,17/09/2024,32500.0,PAGO,2024-08-27,2024-09-17,2024-08-27,2024-09-17,True,False,False,False,True,,keep
banco_automacao.db,universo_automacao,119,119,KRONA,107,156,-,02/09/2024,23/09/2024,7000.0,PAGO,2024-09-02,2024-09-23,2024-09-02,2024-09-23,True,False,False,False,True,,keep
banco_automacao.db,universo_automacao,120,120,JARDIEL ELETRICISTA,108,SNF,-,02/09/2024,03/09/2024,2500.0,PAGO,2024-09-02,2024-09-03,2024-09-02,2024-09-03,True,False,False,False,True,,keep
banco_automacao.db,universo_automacao,121,121,CEARA MIRIM,111,158,10543,03/09/2024,13/09/2024,3000.0,PAGO,2024-09-03,2024-09-13,2024-09-03,2024-09-13,True,False,False,False,True,,keep
banco_automacao.db,universo_automacao,122,122,CEARA MIRIM,112,161,-,09/09/2024,30/09/2024,3000.0,PAGO,2024-09-09,2024-09-30,2024-09-09,2024-09-30,True,False,False,False,True,,keep
banco_automacao.db,universo_automacao,123,123,CORURIPE,113,150,-,10/09/2024,11/11/2024,27000.0,PAGO,2024-09-10,2024-11-11,2024-09-10,2024-11-11,True,False,False,False,True,,keep
banco_automacao.db,universo_automacao,124,124,BIO IMPACTO,114,163,-,11/09/2024,09/10/2024,9500.0,PAGO,2024-09-11,2024-10-09,2024-09-11,2024-10-09,True,False,False,False,True,,keep
banco_automacao.db,universo_automacao,125,125,COAF,115,162,-,12/09/2024,03/10/2024,14000.0,PAGO,2024-09-12,2024-10-03,2024-09-12,2024-10-03,True,False,False,False,True,,keep
banco_automacao.db,universo_automacao,126,126,USINA UTINGA,116,164,-,18/09/2024,22/11/2024,19885.0,PAGO,2024-09-18,2024-11-22,2024-09-18,2024-11-22,True,False,False,False,True,,keep
banco_automacao.db,universo_automacao,127,127,USINA UTINGA,116,164,-,18/09/2024,22/11/2024,10885.0,PAGO,2024-09-18,2024-11-22,2024-09-18,2024-11-22,True,False,False,False,True,,keep
banco_automacao.db,universo_automacao,128,128,USINA UTINGA,116,164,-,18/09/2024,22/11/2024,7500.0,PAGO,2024-09-18,2024-11-22,2024-09-18,2024-11-22,True,False,False,False,True,,keep
banco_automacao.db,universo_automacao,129,129,AGROVAL,117,167,-,20/09/2024,11/10/2024,18000.0,PAGO,2024-09-20,2024-10-11,2024-09-20,2024-10-11,True,False,False,False,True,,keep
banco_automacao.db,universo_automacao,130,130,CORURIPE,118,148,-,20/09/2024,20/11/2024,90000.0,PAGO,2024-09-20,2024-11-20,2024-09-20,2024-11-20,True,False,False,False,True,,keep
banco_automacao.db,universo_automacao,131,131,USINA CUCAU,SNF,172,-,28/09/2024,28/09/2024,7800.0,PAGO,2024-09-28,2024-09-28,2024-09-28,2024-09-28,True,False,False,False,True,,keep
banco_automacao.db,universo_automacao,132,132,INDUMOTOR,-,-,-,28/09/2024,28/09/2024,1500.0,PAGO,2024-09-28,2024-09-28,2024-09-28,2024-09-28,True,False,False,False,True,,keep
banco_automacao.db,universo_automacao,133,133,CORURIPE,119,159 /153 / 165,-,07/10/2024,02/12/2024,58950.0,PAGO,2024-10-07,2024-12-02,2024-10-07,2024-12-02,True,False,False,False,True,,keep
banco_automacao.db,universo_automacao,134,134,JAPUNGU,120,175,-,11/10/2024,11/10/2024,18000.0,PAGO,2024-10-11,2024-10-11,2024-10-11,2024-10-11,True,False,False,False,True,,keep
banco_automacao.db,universo_automacao,135,135,AGROVAL,121,176,-,16/10/2024,06/11/2024,22000.0,PAGO,2024-10-16,2024-11-06,2024-10-16,2024-11-06,True,False,False,False,True,,keep
banco_automacao.db,universo_automacao,136,136,CORURIPE,122,177,-,17/10/2024,10/12/2024,37000.0,PAGO,2024-10-17,2024-12-10,2024-10-17,2024-12-10,True,False,False,False,True,,keep
banco_automacao.db,universo_automacao,137,137,CAPRICCHE,123,179,12641 - 12642,22/10/2024,28/11/2024,7000.0,PAGO,2024-10-22,2024-11-28,2024-10-22,2024-11-28,True,False,False,False,True,,keep
banco_automacao.db,universo_automacao,138,138,CORURIPE,124,159 / 180,10531 / 10533,24/10/2024,20/12/2024,39000.0,PAGO,2024-10-24,2024-12-20,2024-10-24,2024-12-20,True,False,False,False,True,,keep
banco_automacao.db,universo_automacao,139,139,BATERIA MOURA,125,181,11586,24/10/2024,06/01/2025,4200.0,PAGO,2024-10-24,2025-01-06,2024-10-24,2025-01-06,True,False,False,False,True,,keep
banco_automacao.db,universo_automacao,140,140,USINA SÃO JOSÉ DO PINHEIRO,126,SNF,VISITA TECNICA,25/10/2024,15/11/2024,1500.0,PAGO,2024-10-25,2024-11-15,2024-10-25,2024-11-15,True,False,False,False,True,,keep
banco_automacao.db,universo_automacao,141,141,UTINGA,128,188,11608 / 11606 / 11604 / 11605 / 11607,01/11/2024,28/11/2024,3200.0,PAGO,2024-11-01,2024-11-28,2024-11-01,2024-11-28,True,False,False,False,True,,keep
banco_automacao.db,universo_automacao,142,142,UTINGA,128,188,11608 / 11606 / 11604 / 11605 / 11607,01/11/2024,28/11/2024,15500.0,PAGO,2024-11-01,2024-11-28,2024-11-01,2024-11-28,True,False,False,False,True,,keep
banco_automacao.db,universo_automacao,143,143,UTINGA,128 / 116,188,11610 / 11606 / 11604 / 11605 / 11607,03/11/2024,28/12/2024,16839.4,PAGO,2024-11-03,2024-12-28,2024-11-03,2024-12-28,True,False,False,False,True,,keep
banco_automacao.db,universo_automacao,144,144,CEARA MIRIM,129,184,12656 - 12657,01/11/2024,21/11/2024,5208.0,PAGO,2024-11-01,2024-11-21,2024-11-01,2024-11-21,True,False,False,False,True,,keep
banco_automacao.db,universo_automacao,145,145,CEARA MIRIM,130,185 / 183,12683 / 12685,07/11/2024,29/11/2024,6975.0,PAGO,2024-11-07,2024-11-29,2024-11-07,2024-11-29,True,False,False,False,True,,keep
banco_automacao.db,universo_automacao,146,146,JAPUNGU,131,189,12668,07/11/2024,02/12/2024,19800.0,PAGO,2024-11-07,2024-12-02,2024-11-07,2024-12-02,True,False,False,False,True,,keep
banco_automacao.db,universo_automacao,147,147,DINIX,-,RECIBO,-,08/11/2024,08/11/2024,2000.0,PAGO,2024-11-08,2024-11-08,2024-11-08,2024-11-08,True,False,False,False,True,,keep
banco_automacao.db,universo_automacao,148,148,CORURIPE,132,157 / 180,10528 / 10532,11/11/2024,10/01/2025,56700.0,PAGO,2024-11-11,2025-01-10,2024-11-11,2025-01-10,True,False,False,False,True,,keep
banco_automacao.db,universo_automacao,149,149,USINA SUMAUMA,134,SNF,12665 / 13694,12/11/2024,14/11/2024,4500.0,PAGO,2024-11-12,2024-11-14,2024-11-12,2024-11-14,True,False,False,False,True,,keep
banco_automacao.db,universo_automacao,150,150,MOURA,135,166,OÇ 10571,14/11/2024,10/01/2025,4000.0,PAGO,2024-11-14,2025-01-10,2024-11-14,2025-01-10,True,False,False,False,True,,keep
banco_automacao.db,universo_automacao,151,151,AGROVAL,136,190,2047,18/11/2024,25/11/2024,10000.0,PAGO,2024-11-18,2024-11-25,2024-11-18,2024-11-25,True,False,False,False,True,,keep
banco_automacao.db,universo_automacao,152,152,USINA SÃO JOSÉ DO PINHEIRO,137,193,12666,19/11/2024,19/12/2024,8000.0,PAGO,2024-11-19,2024-12-19,2024-11-19,2024-12-19,True,False,False,False,True,,keep
banco_automacao.db,universo_automacao,153,153,CORURIPE,138,SNF,OÇ 110/111/112,19/11/2024,10/01/2025,54900.0,PAGO,2024-11-19,2025-01-10,2024-11-19,2025-01-10,True,False,False,False,True,,keep
banco_automacao.db,universo_automacao,154,154,AGROVAL,139,195,4186,25/11/2024,02/12/2024,30000.0,PAGO,2024-11-25,2024-12-02,2024-11-25,2024-12-02,True,False,False,False,True,,keep
banco_automacao.db,universo_automacao,155,155,USINA SAO JOSE S/A,140,SNF,13692,25/11/2024,02/01/2025,1500.0,PAGO,2024-11-25,2025-01-02,2024-11-25,2025-01-02,True,False,False,False,True,,keep
banco_automacao.db,universo_automacao,156,156,USINA CUCAU,141,-,10559 / 12643 / 12644,28/11/2024,02/01/2024,3500.0,PAGO,2024-11-28,2024-01-02,2024-11-28,2024-01-02,True,False,False,False,True,,keep
banco_automacao.db,universo_automacao,157,157,USINA CUCAU,141,-,10559 / 12643 / 12644,28/11/2024,13/01/2025,7000.0,PAGO,2024-11-28,2025-01-13,2024-11-28,2025-01-13,True,False,False,False,True,,keep
banco_automacao.db,universo_automacao,160,160,USINA CUCAU,141,-,10559 / 12643 / 12644,28/11/2024,06/12/2024,3000.0,PAGO,2024-11-28,2024-12-06,2024-11-28,2024-12-06,True,False,False,False,True,,keep
banco_automacao.db,universo_automacao,161,161,USINA TRAPICHE,142,196,13728,09/12/2024,08/01/2025,4900.0,PAGO,2024-12-09,2025-01-08,2024-12-09,2025-01-08,True,False,False,False,True,,keep
banco_automacao.db,universo_automacao,162,162,AGROVAL,143,197,4185,09/12/2024,16/12/2024,54288.0,PAGO,2024-12-09,2024-12-16,2024-12-09,2024-12-16,True,False,False,False,True,,keep
banco_automacao.db,universo_automacao,163,163,USINA UTINGA,144,199,OÇ 13705,10/12/2024,09/01/2025,4700.0,PAGO,2024-12-10,2025-01-09,2024-12-10,2025-01-09,True,False,False,False,True,,keep
banco_automacao.db,universo_automacao,164,164,USINA SUMAUMA,145,SNF,13750,11/12/2024,09/01/2025,2500.0,PAGO,2024-12-11,2025-01-09,2024-12-11,2025-01-09,True,False,False,False,True,,keep
banco_automacao.db,universo_automacao,165,165,USINA CORURIPE,146,165,11567,18/12/2024,10/02/2025,19800.0,PAGO,2024-12-18,2025-02-10,2024-12-18,2025-02-10,True,False,False,False,True,,keep
banco_automacao.db,universo_automacao,166,166,USINA CORURIPE,147,200,4157,19/12/2024,30/01/2025,10500.0,PAGO,2024-12-19,2025-01-30,2024-12-19,2025-01-30,True,False,False,False,True,,keep
banco_automacao.db,universo_automacao,167,167,COAF,148,SNF,14767 / 14768,20/12/2024,07/01/2025,8500.0,PAGO,2024-12-20,2025-01-07,2024-12-20,2025-01-07,True,False,False,False,True,,keep
banco_automacao.db,universo_automacao,168,168,BIO IMPACTO,150,205,12677,20/12/2024,10/01/2025,7760.0,PAGO,2024-12-20,2025-01-10,2024-12-20,2025-01-10,True,False,False,False,True,,keep
banco_automacao.db,universo_automacao,169,169,CEARA MIRIM,151,206,10543,26/12/2024,15/01/2025,3325.0,PAGO,2024-12-26,2025-01-15,2024-12-26,2025-01-15,True,False,False,False,True,,keep
banco_automacao.db,universo_automacao,170,170,USINA SAO JOSÉ PINHEIRO,153,203,12667,30/12/2024,29/01/2025,6650.0,PAGO,2024-12-30,2025-01-29,2024-12-30,2025-01-29,True,False,False,False,True,,keep
banco_automacao.db,universo_automacao,171,171,CORURIPE,154,207,12634,02/01/2025,28/02/2025,31500.0,PAGO,2025-01-02,2025-02-28,2025-01-02,2025-02-28,True,False,False,False,True,,keep
banco_automacao.db,universo_automacao,172,172,29/,155,208,4262,02/01/2025,29/01/2025,34800.0,PAGO,2025-01-02,2025-01-29,2025-01-02,2025-01-29,True,False,False,False,True,,keep
banco_automacao.db,universo_automacao,173,173,JAPUNGU,156,208,14765 / 14766,02/01/2025,29/01/2025,5780.0,PAGO,2025-01-02,2025-01-29,2025-01-02,2025-01-29,True,False,False,False,True,,keep
banco_automacao.db,universo_automacao,174,174,SAAM TOWAGE,157,SNF,3138,03/01/2025,23/01/2025,855.0,PAGO,2025-01-03,2025-01-23,2025-01-03,2025-01-23,True,False,False,False,True,,keep
banco_automacao.db,universo_automacao,175,175,CAPRICHE,158,209,3097,07/01/2025,04/02/2025,3500.0,PAGO,2025-01-07,2025-02-04,2025-01-07,2025-02-04,True,False,False,False,True,,keep
banco_automacao.db,universo_automacao,176,176,AGROVAL,159,210,4226,14/01/2025,21/01/2025,51442.5,PAGO,2025-01-14,2025-01-21,2025-01-14,2025-01-21,True,False,False,False,True,,keep
banco_automacao.db,universo_automacao,177,177,COMANDO DAS BOMBAS,160,SNF,3112 / 3113,15/01/2025,15/01/2025,1500.0,PAGO,2025-01-15,2025-01-15,2025-01-15,2025-01-15,True,False,False,False,True,,keep
banco_automacao.db,universo_automacao,178,178,COMANDO DAS BOMBAS,160,SNF,3113 / 3113,16/01/2025,14/02/2025,1500.0,PAGO,2025-01-16,2025-02-14,2025-01-16,2025-02-14,True,False,False,False,True,,keep
banco_automacao.db,universo_automacao,179,179,USINA PORTO RICO,161,212,14890 / 14891,20/01/2025,19/02/2025,10000.0,PAGO,2025-01-20,2025-02-19,2025-01-20,2025-02-19,True,False,False,False,True,,keep
banco_automacao.db,universo_automacao,180,180,AGROVAL,162,213,4214,20/01/2025,27/04/2025,68245.0,PAGO,2025-01-20,2025-04-27,2025-01-20,2025-04-27,True,False,False,False,True,,keep
banco_automacao.db,universo_automacao,181,181,USINA SUMAUMA,163,SNF,14762,21/01/2025,21/01/2025,7500.0,PAGO,2025-01-21,2025-01-21,2025-01-21,2025-01-21,True,False,False,False,True,,keep
banco_automacao.db,universo_automacao,182,182,E & P,164,SNF,14909,23/01/2025,23/01/2025,2327.5,PAGO,2025-01-23,2025-01-23,2025-01-23,2025-01-23,True,False,False,False,True,,keep
banco_automacao.db,universo_automacao,183,183,NORAL,RECIBO,SNF,14899,24/01/2025,24/01/2025,2000.0,PAGO,2025-01-24,2025-01-24,2025-01-24,2025-01-24,True,False,False,False,True,,keep
banco_automacao.db,universo_automacao,184,184,LOIOLA,RECIBO,SNF,-,28/01/2025,28/01/2025,660.0,PAGO,2025-01-28,2025-01-28,2025-01-28,2025-01-28,True,False,False,False,True,,keep
banco_automacao.db,universo_automacao,185,185,SOS MAQUINAS,165,SNF,9505,29/01/2025,13/02/2025,10339.25,PAGO,2025-01-29,2025-02-13,2025-01-29,2025-02-13,True,False,False,False,True,,keep
banco_automacao.db,universo_automacao,186,186,SOS MAQUINAS,165,SNF,9505,30/01/2025,05/03/2025,10300.0,PAGO,2025-01-30,2025-03-05,2025-01-30,2025-03-05,True,False,False,False,True,,keep
banco_automacao.db,universo_automacao,187,187,AGROVAL,167,210,14866,03/02/2025,10/02/2025,2800.0,PAGO,2025-02-03,2025-02-10,2025-02-03,2025-02-10,True,False,False,False,True,,keep
banco_automacao.db,universo_automacao,188,188,USINA TRAPICHE,168,214,14901,03/02/2025,05/03/2025,2800.0,PAGO,2025-02-03,2025-03-05,2025-02-03,2025-03-05,True,False,False,False,True,,keep
banco_automacao.db,universo_automacao,190,190,COAFVALE,170,SNF,14933,10/02/2025,25/02/2025,950.0,PAGO,2025-02-10,2025-02-25,2025-02-10,2025-02-25,True,False,False,False,True,,keep
banco_automacao.db,universo_automacao,191,191,AGROVAL,171,217,6328,11/02/2025,18/02/2025,14000.0,PAGO,2025-02-11,2025-02-18,2025-02-11,2025-02-18,True,False,False,False,True,,keep
banco_automacao.db,universo_automacao,192,192,USINA PORTO RICO,172,218,14929,11/02/2025,04/03/2025,6000.0,PAGO,2025-02-11,2025-03-04,2025-02-11,2025-03-04,True,False,False,False,True,,keep
banco_automacao.db,universo_automacao,193,193,USINA CORURIPE,173,219,3070,11/02/2025,10/04/2025,31500.0,PAGO,2025-02-11,2025-04-10,2025-02-11,2025-04-10,True,False,False,False,True,,keep
banco_automacao.db,universo_automacao,194,194,R COMPRESSORES,174,SNF,14961,17/02/2025,04/03/2025,2500.0,PAGO,2025-02-17,2025-03-04,2025-02-17,2025-03-04,True,False,False,False,True,,keep
banco_automacao.db,universo_automacao,195,195,CEARA MIRIM,175,220,14949,19/02/2025,12/03/2025,4975.5,PAGO,2025-02-19,2025-03-12,2025-02-19,2025-03-12,True,False,False,False,True,,keep
banco_automacao.db,universo_automacao,196,196,CEARA MIRIM,176,220,14948,20/02/2025,13/03/2025,2325.0,PAGO,2025-02-20,2025-03-13,2025-02-20,2025-03-13,True,False,False,False,True,,keep
banco_automacao.db,universo_automacao,199,199,AGROVAL,180,225,14966 / 14959,27/02/2025,19/03/2025,49000.0,PAGO,2025-02-27,2025-03-19,2025-02-27,2025-03-19,True,False,False,False,True,,keep
banco_automacao.db,universo_automacao,200,200,CEARA MIRIM,183,226,14947,27/02/2025,28/03/2025,3720.0,PAGO,2025-02-27,2025-03-28,2025-02-27,2025-03-28,True,False,False,False,True,,keep
banco_automacao.db,universo_automacao,201,201,CEARA MIRIM,184,AG NF,14934,27/02/2025,28/03/2025,1674.0,PAGO,2025-02-27,2025-03-28,2025-02-27,2025-03-28,True,False,False,False,True,,keep
banco_automacao.db,universo_automacao,202,202,CAPRICHE,185,228,14921,10/03/2025,07/04/2025,4750.0,PAGO,2025-03-10,2025-04-07,2025-03-10,2025-04-07,True,False,False,False,True,,keep
banco_automacao.db,universo_automacao,203,203,BATERIA MOURA,189,230 / 231 / 232 / 233,35 POLIMOLD FATURADOS,20/03/2025,28/05/2025,12600.0,PAGO,2025-03-20,2025-05-28,2025-03-20,2025-05-28,True,False,False,False,True,,keep
banco_automacao.db,universo_automacao,204,204,JAPUNGU,193,239,15039,04/04/2025,14/04/2025,26230.0,PAGO,2025-04-04,2025-04-14,2025-04-04,2025-04-14,True,False,False,False,True,,keep
banco_automacao.db,universo_automacao,205,205,JAPUNGU,194,239,15038,05/04/2025,14/04/2025,32500.0,PAGO,2025-04-05,2025-04-14,2025-04-05,2025-04-14,True,False,False,False,True,,keep
banco_automacao.db,universo_automacao,206,206,JAPUNGU,195,240,15110,05/04/2025,14/04/2025,7200.0,PAGO,2025-04-05,2025-04-14,2025-04-05,2025-04-14,True,False,False,False,True,,keep
banco_automacao.db,universo_automacao,207,207,USINA CUCAU,SNF,235,14838 / 14839,07/04/2025,07/04/2025,3000.0,PAGO,2025-04-07,2025-04-07,2025-04-07,2025-04-07,True,False,False,False,True,,keep
banco_automacao.db,universo_automacao,208,208,USINA CUCAU,SNF,235,14839 / 14839,15/04/2025,15/04/2025,3000.0,PAGO,2025-04-15,2025-04-15,2025-04-15,2025-04-15,True,False,False,False,True,,keep
banco_automacao.db,universo_automacao,209,209,CAPRICHE,203,258 / 259,14922 / 17135,12/05/2025,09/06/2025,8250.0,PAGO,2025-05-12,2025-06-09,2025-05-12,2025-06-09,True,False,False,False,True,,keep
banco_automacao.db,universo_automacao,210,210,MUSASHI,198,255,15001,02/05/2025,23/05/2025,3700.0,PAGO,2025-05-02,2025-05-23,2025-05-02,2025-05-23,True,False,False,False,True,,keep
banco_automacao.db,universo_automacao,211,211,VALE DO MARIAL,199,SNF,17128,02/05/2025,23/05/2025,3150.0,PAGO,2025-05-02,2025-05-23,2025-05-02,2025-05-23,True,False,False,False,True,,keep
banco_automacao.db,universo_automacao,212,212,USINA CUCAU,SNF,235,14839 / 14839,02/05/2025,02/05/2025,3000.0,PAGO,2025-05-02,2025-05-02,2025-05-02,2025-05-02,True,False,False,False,True,,keep
banco_automacao.db,universo_automacao,213,213,AGROVAL,202,NOTAS DO OÇ 146,OÇ 146,09/05/2025,09/06/2025,28193.5,PAGO,2025-05-09,2025-06-09,2025-05-09,2025-06-09,True,False,False,False,True,,keep
banco_automacao.db,universo_automacao,214,214,AGROVAL,202,NOTAS DO OÇ 147,OÇ 147,09/05/2025,08/07/2025,28000.0,PAGO,2025-05-09,2025-07-08,2025-05-09,2025-07-08,True,False,False,False,True,,keep
banco_automacao.db,universo_automacao,215,215,AGROVAL,202,NOTAS DO OÇ 148,OÇ 148,09/05/2025,07/08/2025,28000.0,PAGO,2025-05-09,2025-08-07,2025-05-09,2025-08-07,True,False,False,False,True,,keep
banco_automacao.db,universo_automacao,216,216,CORURIPE,205,260 / 241,15077 - 15078 - 15079 - 15073 - 15074 - 15075 - 15076,13/05/2025,14/07/2025,75942.9,PAGO,2025-05-13,2025-07-14,2025-05-13,2025-07-14,True,False,False,False,True,,keep
banco_automacao.db,universo_automacao,217,217,AGROVAL,207,SNF,OÇ 17213 - ADITIVO DAS PREVENTIVAS,14/05/2025,04/06/2025,51205.0,PAGO,2025-05-14,2025-06-04,2025-05-14,2025-06-04,True,False,False,False,True,,keep
banco_automacao.db,universo_automacao,218,218,JAPUNGU,215,265,17250,23/05/2025,30/05/2025,11000.0,PAGO,2025-05-23,2025-05-30,2025-05-23,2025-05-30,True,False,False,False,True,,keep
banco_automacao.db,universo_automacao,219,219,AGROVAL,217,SNF,OÇ 153,23/05/2025,13/06/2025,24000.0,PAGO,2025-05-23,2025-06-13,2025-05-23,2025-06-13,True,False,False,False,True,,keep
banco_automacao.db,universo_automacao,220,220,BENTONIT,229,276,17231 - 17230 -  17229 - 17227,04/06/2025,15/07/2025,5050.0,PAGO,2025-06-04,2025-07-15,2025-06-04,2025-07-15,True,False,False,False,True,,keep
banco_automacao.db,universo_automacao,221,221,AGROVAL,225,S.N,OÇ 154,02/06/2025,09/06/2025,13000.0,PAGO,2025-06-02,2025-06-09,2025-06-02,2025-06-09,True,False,False,False,True,,keep
banco_automacao.db,universo_automacao,222,222,BATERIA MOURA,227,274,14892,03/06/2025,04/08/2025,5715.0,PAGO,2025-06-03,2025-08-04,2025-06-03,2025-08-04,True,False,False,False,True,,keep
banco_automacao.db,universo_automacao,223,223,CAPRICHE,228,187,6403,04/06/2025,02/07/2025,5000.0,PAGO,2025-06-04,2025-07-02,2025-06-04,2025-07-02,True,False,False,False,True,,keep
banco_automacao.db,universo_automacao,224,224,USINA MARITUBA,232,SNF,OÇ 147,09/06/2025,20/07/2025,10000.0,PAGO,2025-06-09,2025-07-20,2025-06-09,2025-07-20,True,False,False,False,True,,keep
banco_automacao.db,universo_automacao,225,225,USINA SAO JOSE,234,278,19341/19340,18/06/2025,23/07/2025,6137.0,PAGO,2025-06-18,2025-07-23,2025-06-18,2025-07-23,True,False,False,False,True,,keep
banco_automacao.db,universo_automacao,226,226,COAF,250,SNF,OÇ 156 / 161,30/07/2025,04/09/2025,11895.0,PAGO,2025-07-30,2025-09-04,2025-07-30,2025-09-04,True,False,False,False,True,,keep
banco_automacao.db,universo_automacao,227,227,COAF,250,SNF,OÇ 156 / 161,30/07/2025,15/10/2025,11895.0,PAGO,2025-07-30,2025-10-15,2025-07-30,2025-10-15,True,False,False,False,True,,keep
banco_automacao.db,universo_automacao,228,228,KLABIN,245,280,OÇ 156,02/07/2025,15/09/2025,20160.0,PAGO,2025-07-02,2025-09-15,2025-07-02,2025-09-15,True,False,False,False,True,,keep
banco_automacao.db,universo_automacao,229,229,KRONA,240,SNF,6418,08/07/2025,30/07/2025,3000.0,PAGO,2025-07-08,2025-07-30,2025-07-08,2025-07-30,True,False,False,False,True,,keep
banco_automacao.db,universo_automacao,232,232,AGROVA,243,284,19385 / 19386,10/07/2025,11/08/2025,24720.0,PAGO,2025-07-10,2025-08-11,2025-07-10,2025-08-11,True,False,False,False,True,,keep
banco_automacao.db,universo_automacao,234,234,USINA SÃO JOSE SA,246,287,19398 / 19399,15/07/2025,17/08/2025,9766.0,PAGO,2025-07-15,2025-08-17,2025-07-15,2025-08-17,True,False,False,False,True,,keep
banco_automacao.db,universo_automacao,235,235,USINA SÃO JOSE SA,248,289,19397 / 19396,23/07/2025,27/08/2025,23383.92,PAGO,2025-07-23,2025-08-27,2025-07-23,2025-08-27,True,False,False,False,True,,keep
banco_automacao.db,universo_automacao,236,236,AGROVAL,249,288,19428 / 19427,25/07/2025,04/09/2025,18480.0,PAGO,2025-07-25,2025-09-04,2025-07-25,2025-09-04,True,False,False,False,True,,keep
banco_automacao.db,universo_automacao,237,237,AGROVAL,249,288,19429 / 19427,25/07/2025,09/09/2025,18480.0,PAGO,2025-07-25,2025-09-09,2025-07-25,2025-09-09,True,False,False,False,True,,keep
banco_automacao.db,universo_automacao,240,240,USINA TRAPICHE,253,293,15065 / 15066 / 15067,05/08/2025,04/09/2025,40000.05,PAGO,2025-08-05,2025-09-04,2025-08-05,2025-09-04,True,False,False,False,True,,keep
banco_automacao.db,universo_automacao,241,241,AGROVAL,254,SNF,OÇ 162,12/08/2025,02/09/2025,99000.0,PAGO,2025-08-12,2025-09-02,2025-08-12,2025-09-02,True,False,False,False,True,,keep
banco_automacao.db,universo_automacao,242,242,USINA SÃO JOSE PINHEIRO,255,290,19425,13/08/2025,12/09/2025,7000.0,PAGO,2025-08-13,2025-09-12,2025-08-13,2025-09-12,True,False,False,False,True,,keep
banco_automacao.db,universo_automacao,243,243,KLABIN,257,297,19375,20/08/2025,15/03/2025,3125.0,PAGO,2025-08-20,2025-03-15,2025-08-20,2025-03-15,True,False,False,False,True,,keep
banco_automacao.db,universo_automacao,245,245,USINA CAETE,252,291,19435,01/08/2025,20/09/2025,13482.9,PAGO,2025-08-01,2025-09-20,2025-08-01,2025-09-20,True,False,False,False,True,,keep
banco_automacao.db,universo_automacao,246,246,USINA SÃO JOSÉ DO PINHEIRO,264,296,19543,11/09/2025,02/10/2025,23137.5,PAGO,2025-09-11,2025-10-02,2025-09-11,2025-10-02,True,False,False,False,True,,keep
banco_automacao.db,universo_automacao,247,247,USINA COAF CRUANGI,264,292,14963,12/09/2025,19/09/2025,17800.0,PAGO,2025-09-12,2025-09-19,2025-09-12,2025-09-19,True,False,False,False,True,,keep
banco_automacao.db,universo_automacao,248,248,USINA CAETE,271,313,21574,19/09/2025,09/10/2025,12459.25,PAGO,2025-09-19,2025-10-09,2025-09-19,2025-10-09,True,False,False,False,True,,keep
banco_automacao.db,universo_automacao,249,249,USINA CAETE,272,313,21574,26/09/2025,30/10/2025,12459.25,PAGO,2025-09-26,2025-10-30,2025-09-26,2025-10-30,True,False,False,False,True,,keep
banco_automacao.db,universo_automacao,250,250,USINA CRUANGI,273,SNF,14887,01/10/2025,10/10/2025,45700.0,PAGO,2025-10-01,2025-10-10,2025-10-01,2025-10-10,True,False,False,False,True,,keep
banco_automacao.db,universo_automacao,251,251,AGROVAL,274,301,17194,01/10/2025,29/10/2025,16274.45,PAGO,2025-10-01,2025-10-29,2025-10-01,2025-10-29,True,False,False,False,True,,keep
banco_automacao.db,universo_automacao,252,252,AGROVAL,274,301,17194,01/10/2025,05/11/2025,16274.45,PAGO,2025-10-01,2025-11-05,2025-10-01,2025-11-05,True,False,False,False,True,,keep
banco_automacao.db,universo_automacao,253,253,AGROVAL,275,320,24621,01/10/2025,22/10/2025,18168.75,PAGO,2025-10-01,2025-10-22,2025-10-01,2025-10-22,True,False,False,False,True,,keep
banco_automacao.db,universo_automacao,254,254,CEARA MIRIM,276,321,20568,01/10/2025,21/10/2025,1064.0,PAGO,2025-10-01,2025-10-21,2025-10-01,2025-10-21,True,False,False,False,True,,keep
banco_automacao.db,universo_automacao,255,255,VITRIUM,277,SNF,17220,01/10/2025,21/10/2025,7000.0,PAGO,2025-10-01,2025-10-21,2025-10-01,2025-10-21,True,False,False,False,True,,keep
banco_automacao.db,universo_automacao,256,256,CEARA MIRIM,278,322,24629,02/10/2025,24/10/2025,26000.0,PAGO,2025-10-02,2025-10-24,2025-10-02,2025-10-24,True,False,False,False,True,,keep
banco_automacao.db,universo_automacao,257,257,USINA CUCACU,235,14838 / 14839,-,10/10/2025,10/10/2025,5500.0,PAGO,2025-10-10,2025-10-10,2025-10-10,2025-10-10,True,False,False,False,True,,keep
banco_automacao.db,universo_automacao,258,258,BOKUS,280,SNF,24645,13/10/2025,03/11/2025,1400.0,PAGO,2025-10-13,2025-11-03,2025-10-13,2025-11-03,True,False,False,False,True,,keep
banco_automacao.db,universo_automacao,259,259,BOKUS,SNF,337,VENDA,13/10/2025,02/11/2025,4500.0,PAGO,2025-10-13,2025-11-02,2025-10-13,2025-11-02,True,False,False,False,True,,keep
banco_automacao.db,universo_automacao,260,260,BOKUS,SNF,337,VENDA,13/10/2025,12/11/2025,4500.0,PAGO,2025-10-13,2025-11-12,2025-10-13,2025-11-12,True,False,False,False,True,,keep
banco_automacao.db,universo_automacao,261,261,CORURIPE,282,310,19514/19515/19516/19517/19518/19519/19520/19539,14/10/2025,10/12/2025,45000.0,PAGO,2025-10-14,2025-12-10,2025-10-14,2025-12-10,True,False,False,False,True,,keep
banco_automacao.db,universo_automacao,262,262,AGROVAL,283,335,24646,14/10/2025,11/04/2025,18520.0,PAGO,2025-10-14,2025-04-11,2025-10-14,2025-04-11,True,False,False,False,True,,keep
banco_automacao.db,universo_automacao,263,263,AGROVAL,284,335,24647,14/10/2025,11/04/2025,5635.0,PAGO,2025-10-14,2025-04-11,2025-10-14,2025-04-11,True,False,False,False,True,,keep
banco_automacao.db,universo_automacao,264,264,CORURIPE,1,312 / 316 / 311,22588 / 22589 / 22591,01/12/2025,20/02/2026,141984.0,PAGO,2025-12-01,2026-02-20,2025-12-01,2026-02-20,True,False,False,False,True,,keep
banco_automacao.db,universo_automacao,265,265,USINA PORTO RICO,5,374,26769 / 26765,15/12/2025,21/01/2026,11495.0,PAGO,2025-12-15,2026-01-21,2025-12-15,2026-01-21,True,False,False,False,True,,keep
banco_automacao.db,universo_automacao,266,266,CORURIPE,6,349,24667,15/12/2025,31/01/2025,2115.0,PAGO,2025-12-15,2025-01-31,2025-12-15,2025-01-31,True,False,False,False,True,,keep
banco_automacao.db,universo_automacao,267,267,CORURIPE,7,347 / 324 / 344 / 352 /,22590 / 22616 /22617 / 22618,18/12/2025,10/02/2026,75595.5,PAGO,2025-12-18,2026-02-10,2025-12-18,2026-02-10,True,False,False,False,True,,keep
banco_automacao.db,universo_automacao,268,268,KLABIN,8,365,21571,18/12/2025,16/02/2026,14670.0,PAGO,2025-12-18,2026-02-16,2025-12-18,2026-02-16,True,False,False,False,True,,keep
banco_automacao.db,universo_automacao,269,269,USINA PORTO RICO,10,382,26771 - 26772 - 26767 - 26770,15/01/2026,14/02/2026,31321.5,PAGO,2026-01-15,2026-02-14,2026-01-15,2026-02-14,True,False,False,False,True,,keep
banco_automacao.db,universo_automacao,270,270,USINA SAO JOSE DO PINHEIRO,11,371,27818,16/01/2026,06/02/2026,36500.0,PAGO,2026-01-16,2026-02-06,2026-01-16,2026-02-06,True,False,False,False,True,,keep
banco_automacao.db,universo_automacao,271,271,USINA SUMAUMA,12,SNF,24666,22/01/2026,28/01/2026,3000.0,PAGO,2026-01-22,2026-01-28,2026-01-22,2026-01-28,True,False,False,False,True,,keep
banco_automacao.db,universo_automacao,272,272,USINA SERRA GRANDE,13,385,28828,22/01/2026,20/02/2026,34992.92,PAGO,2026-01-22,2026-02-20,2026-01-22,2026-02-20,True,False,False,False,True,,keep
banco_automacao.db,universo_automacao,273,273,CORURIPE,15,369 / 368 / 370 / 361 / 366 / 367,18 - 26780 / 26779,02/02/2026,31/03/2026,75807.0,PAGO,2026-02-02,2026-03-31,2026-02-02,2026-03-31,True,False,False,False,True,,keep
banco_automacao.db,universo_automacao,274,274,CEARA MIRIM,16,389,28899,02/02/2026,27/02/2026,5700.0,PAGO,2026-02-02,2026-02-27,2026-02-02,2026-02-27,True,False,False,False,True,,keep
banco_automacao.db,universo_automacao,275,275,KLABIN,21,379,24665,06/02/2026,27/02/2026,2500.0,PAGO,2026-02-06,2026-02-27,2026-02-06,2026-02-27,True,False,False,False,True,,keep
banco_automacao.db,universo_automacao,276,276,BOKUS,177,SNF,14974,24/02/2025,17/03/2025,3000.0,PAGO,2025-02-24,2025-03-17,2025-02-24,2025-03-17,True,False,False,False,True,,keep
banco_automacao.db,universo_automacao,278,278,DELISUCOS,178,SNF,SERVIÇO IN LOCO,24/02/2025,26/03/2025,1000.0,PAGO,2025-02-24,2025-03-26,2025-02-24,2025-03-26,True,False,False,False,True,,keep
banco_automacao.db,universo_automacao,282,282,CAFE OURO VERDE,186,SNF,14982,12/03/2025,02/04/2025,1100.0,PAGO,2025-03-12,2025-04-02,2025-03-12,2025-04-02,True,False,False,False,True,,keep
banco_automacao.db,universo_automacao,283,283,HS SERVIÇO,188,SNF,15080,17/03/2025,21/03/2025,1900.0,PAGO,2025-03-17,2025-03-21,2025-03-17,2025-03-21,True,False,False,False,True,,keep
banco_automacao.db,universo_automacao,284,284,VISE,221,SNF,14935,21/03/2025,21/03/2025,2750.0,PAGO,2025-03-21,2025-03-21,2025-03-21,2025-03-21,True,False,False,False,True,,keep
banco_automacao.db,universo_automacao,285,285,VISE,221,SNF,14935,13/03/2025,20/05/2025,2750.0,PAGO,2025-03-13,2025-05-20,2025-03-13,2025-05-20,True,False,False,False,True,,keep
banco_automacao.db,universo_automacao,286,286,ALBERTO S/A,190,SNF,14986,01/04/2025,22/04/2025,1500.0,PAGO,2025-04-01,2025-04-22,2025-04-01,2025-04-22,True,False,False,False,True,,keep
banco_automacao.db,universo_automacao,287,287,CEARA MIRIM,191,237,15025,01/04/2025,22/04/2025,1134.6,PAGO,2025-04-01,2025-04-22,2025-04-01,2025-04-22,True,False,False,False,True,,keep
banco_automacao.db,universo_automacao,288,288,KARNE KEIJO,192,SNF,15026.,04/04/2025,05/05/2025,3325.0,PAGO,2025-04-04,2025-05-05,2025-04-04,2025-05-05,True,False,False,False,True,,keep
banco_automacao.db,universo_automacao,289,289,LOURO BEZERRA FILHO,196,SNF,OÇ 151,28/04/2025,05/05/2025,4500.0,PAGO,2025-04-28,2025-05-05,2025-04-28,2025-05-05,True,False,False,False,True,,keep
banco_automacao.db,universo_automacao,290,290,VITRIUM,197,SNF,17209,30/04/2025,30/04/2025,4000.0,PAGO,2025-04-30,2025-04-30,2025-04-30,2025-04-30,True,False,False,False,True,,keep
banco_automacao.db,universo_automacao,292,292,INDUSTRIA CLM,200,SNF,17201,06/05/2025,27/05/2025,6507.0,PAGO,2025-05-06,2025-05-27,2025-05-06,2025-05-27,True,False,False,False,True,,keep
banco_automacao.db,universo_automacao,293,293,NUTRANE,201,SNF,17156,07/05/2025,28/05/2025,500.0,PAGO,2025-05-07,2025-05-28,2025-05-07,2025-05-28,True,False,False,False,True,,keep
banco_automacao.db,universo_automacao,294,294,SUCOPAR,206,SNF,17214,09/05/2025,09/05/2025,5225.0,PAGO,2025-05-09,2025-05-09,2025-05-09,2025-05-09,True,False,False,False,True,,keep
banco_automacao.db,universo_automacao,295,295,SUCOPAR,206,SNF,17214,14/05/2025,03/06/2025,5225.0,PAGO,2025-05-14,2025-06-03,2025-05-14,2025-06-03,True,False,False,False,True,,keep
banco_automacao.db,universo_automacao,296,296,NUTRANE,208,SNF,17239,15/05/2025,06/06/2025,1300.0,PAGO,2025-05-15,2025-06-06,2025-05-15,2025-06-06,True,False,False,False,True,,keep
banco_automacao.db,universo_automacao,297,297,IPM,209,SNF,17153,16/05/2025,09/06/2025,7500.0,PAGO,2025-05-16,2025-06-09,2025-05-16,2025-06-09,True,False,False,False,True,,keep
banco_automacao.db,universo_automacao,298,298,CAFE OURO VERDE,211,SNF,17272,19/05/2025,19/05/2025,6180.0,PAGO,2025-05-19,2025-05-19,2025-05-19,2025-05-19,True,False,False,False,True,,keep
banco_automacao.db,universo_automacao,299,299,CAFE OURO VERDE,211,SNF,17272,19/05/2025,03/06/2025,6180.0,PAGO,2025-05-19,2025-06-03,2025-05-19,2025-06-03,True,False,False,False,True,,keep
banco_automacao.db,universo_automacao,300,300,CAFE OURO VERDE,211,SNF,17272,19/05/2025,18/06/2025,6180.0,PAGO,2025-05-19,2025-06-18,2025-05-19,2025-06-18,True,False,False,False,True,,keep
banco_automacao.db,universo_automacao,301,301,CENTRO AR,212,SNF,17269,20/05/2025,10/06/2025,5000.0,PAGO,2025-05-20,2025-06-10,2025-05-20,2025-06-10,True,False,False,False,True,,keep
banco_automacao.db,universo_automacao,302,302,PINCEIS ROMA,213,SNF,17232,11/06/2025,11/06/2025,2500.0,PAGO,2025-06-11,2025-06-11,2025-06-11,2025-06-11,True,False,False,False,True,,keep
banco_automacao.db,universo_automacao,303,303,MICHELIN,214,SNF,OÇ 1046,22/05/2025,23/06/2025,1000.0,PAGO,2025-05-22,2025-06-23,2025-05-22,2025-06-23,True,False,False,False,True,,keep
banco_automacao.db,universo_automacao,304,304,ANDERSON,216,SNF,17246 / 17247,22/05/2025,09/06/2025,900.0,PAGO,2025-05-22,2025-06-09,2025-05-22,2025-06-09,True,False,False,False,True,,keep
banco_automacao.db,universo_automacao,305,305,ANDERSON,216,SNF,17246 / 17247,23/05/2025,26/06/2025,900.0,PAGO,2025-05-23,2025-06-26,2025-05-23,2025-06-26,True,False,False,False,True,,keep
banco_automacao.db,universo_automacao,306,306,ABTEC SOLUÇÕES,219,SNF,17283,27/05/2025,17/06/2025,2220.0,PAGO,2025-05-27,2025-06-17,2025-05-27,2025-06-17,True,False,False,False,True,,keep
banco_automacao.db,universo_automacao,307,307,CAFE OURO VERDE,220,SNF,17285,27/05/2025,17/06/2025,4900.0,PAGO,2025-05-27,2025-06-17,2025-05-27,2025-06-17,True,False,False,False,True,,keep
banco_automacao.db,universo_automacao,308,308,CAFE OURO VERDE,220,SNF,17285,28/05/2025,27/06/2025,4900.0,PAGO,2025-05-28,2025-06-27,2025-05-28,2025-06-27,True,False,False,False,True,,keep
banco_automacao.db,universo_automacao,309,309,CAFE OURO VERDE,222,SNF,OÇ 1044,28/05/2025,27/06/2025,4600.0,PAGO,2025-05-28,2025-06-27,2025-05-28,2025-06-27,True,False,False,False,True,,keep
banco_automacao.db,universo_automacao,310,310,LINER,223,SNF,17211,29/05/2025,30/06/2025,750.0,PAGO,2025-05-29,2025-06-30,2025-05-29,2025-06-30,True,False,False,False,True,,keep
banco_automacao.db,universo_automacao,311,311,CLM,882,SNF,17268,19/05/2025,09/06/2025,1275.0,PAGO,2025-05-19,2025-06-09,2025-05-19,2025-06-09,True,False,False,False,True,,keep
banco_automacao.db,universo_automacao,312,312,INDUSTRIA DE POLPA,230,SNF,17287,05/06/2025,18/06/2025,1500.0,PAGO,2025-06-05,2025-06-18,2025-06-05,2025-06-18,True,False,False,False,True,,keep
banco_automacao.db,universo_automacao,313,313,CEARA MIRIM,231,263,17221,16/05/2025,06/06/2025,12782.25,PAGO,2025-05-16,2025-06-06,2025-05-16,2025-06-06,True,False,False,False,True,,keep
banco_automacao.db,universo_automacao,314,314,DORE,233,SNF,15072,11/06/2022,03/07/2025,2500.0,PAGO,2022-06-11,2025-07-03,2022-06-11,2025-07-03,True,False,False,False,True,,keep
banco_automacao.db,universo_automacao,315,315,PERFILPLAST,235,SNF,19354,18/06/2025,10/07/2025,2100.0,PAGO,2025-06-18,2025-07-10,2025-06-18,2025-07-10,True,False,False,False,True,,keep
banco_automacao.db,universo_automacao,316,316,ELIVERTON,236,SNF,17284 - whatsapp edmilson,18/06/2025,18/07/2025,5000.0,PAGO,2025-06-18,2025-07-18,2025-06-18,2025-07-18,True,False,False,False,True,,keep
banco_automacao.db,universo_automacao,317,317,CEARA MIRIM,226,273,17273,03/06/2025,23/06/2025,4750.0,PAGO,2025-06-03,2025-06-23,2025-06-03,2025-06-23,True,False,False,False,True,,keep
banco_automacao.db,universo_automacao,318,318,VIA FLORESTAL,237,SNF,19342,26/06/2025,26/06/2025,1400.0,PAGO,2025-06-26,2025-06-26,2025-06-26,2025-06-26,True,False,False,False,True,,keep
banco_automacao.db,universo_automacao,319,319,PRO VISUAL,-,-,19363,02/07/2025,02/07/2025,3913.25,PAGO,2025-07-02,2025-07-02,2025-07-02,2025-07-02,True,False,False,False,True,,keep
banco_automacao.db,universo_automacao,320,320,VITRIUM,239,SNF,14955,03/07/2025,29/07/2025,4000.0,PAGO,2025-07-03,2025-07-29,2025-07-03,2025-07-29,True,False,False,False,True,,keep
banco_automacao.db,universo_automacao,321,321,VITRIUM,239,SNF,14956,03/07/2025,29/08/2025,4000.0,PAGO,2025-07-03,2025-08-29,2025-07-03,2025-08-29,True,False,False,False,True,,keep
banco_automacao.db,universo_automacao,322,322,VITRIUM,239,SNF,17207,03/07/2025,30/09/2025,4000.0,PAGO,2025-07-03,2025-09-30,2025-07-03,2025-09-30,True,False,False,False,True,,keep
banco_automacao.db,universo_automacao,323,323,VITRIUM,239,SNF,17208,03/07/2025,30/10/2025,4000.0,PAGO,2025-07-03,2025-10-30,2025-07-03,2025-10-30,True,False,False,False,True,,keep
banco_automacao.db,universo_automacao,325,325,PINCEIS ROMA,242,283,19357,09/07/2025,31/07/2025,1500.0,PAGO,2025-07-09,2025-07-31,2025-07-09,2025-07-31,True,False,False,False,True,,keep
banco_automacao.db,universo_automacao,327,327,VIA FLORESTAL,SNF,SNF,19364,03/07/2025,03/07/2025,4000.0,PAGO,2025-07-03,2025-07-03,2025-07-03,2025-07-03,True,False,False,False,True,,keep
banco_automacao.db,universo_automacao,328,328,WA,247,SNF,19374,22/07/2025,06/08/2025,2498.0,PAGO,2025-07-22,2025-08-06,2025-07-22,2025-08-06,True,False,False,False,True,,keep
banco_automacao.db,universo_automacao,329,329,WA,247,SNF,19374,22/07/2025,20/08/2025,2498.0,PAGO,2025-07-22,2025-08-20,2025-07-22,2025-08-20,True,False,False,False,True,,keep
banco_automacao.db,universo_automacao,330,330,NOVANE,251,SNF,19471,01/08/2025,22/08/2025,3210.0,PAGO,2025-08-01,2025-08-22,2025-08-01,2025-08-22,True,False,False,False,True,,keep
banco_automacao.db,universo_automacao,331,331,VITRIUM,SNF,SNF,SERVIÇO DE URGÊNCIA,08/08/2025,08/08/2025,2000.0,PAGO,2025-08-08,2025-08-08,2025-08-08,2025-08-08,True,False,False,False,True,,keep
banco_automacao.db,universo_automacao,332,332,VITRIUM,258,SNF,17219,21/08/2025,11/09/2025,7000.0,PAGO,2025-08-21,2025-09-11,2025-08-21,2025-09-11,True,False,False,False,True,,keep
banco_automacao.db,universo_automacao,333,333,TESSA,259,SNF,19508,21/08/2025,11/09/2025,6800.0,PAGO,2025-08-21,2025-09-11,2025-08-21,2025-09-11,True,False,False,False,True,,keep
banco_automacao.db,universo_automacao,334,334,UNIVERSO AUTOMAÇÃO,-,-,TRANSFERENCIAS ENTRE CONTAS DO MESMO CNPJ,05/05/2025,05/05/2025,10000.0,PAGO,2025-05-05,2025-05-05,2025-05-05,2025-05-05,True,False,False,True,True,,separate_transfer
banco_automacao.db,universo_automacao,335,335,USINA COAF CRUANGI,266,295,19473,16/09/2025,26/09/2025,11663.0,PAGO,2025-09-16,2025-09-26,2025-09-16,2025-09-26,True,False,False,False,True,,keep
banco_automacao.db,universo_automacao,336,336,FLAVIANO FALCONE - RIVANDRO,267,SNF,19548,18/09/2025,05/10/2025,2500.0,PAGO,2025-09-18,2025-10-05,2025-09-18,2025-10-05,True,False,False,False,True,,keep
banco_automacao.db,universo_automacao,337,337,FLAVIANO FALCONE - RIVANDRO,267,SNF,19548,18/09/2025,25/10/2025,2500.0,PAGO,2025-09-18,2025-10-25,2025-09-18,2025-10-25,True,False,False,False,True,,keep
banco_automacao.db,universo_automacao,338,338,KLABIN,269,299,19429 - 19430,19/09/2025,01/12/2025,3500.0,PAGO,2025-09-19,2025-12-01,2025-09-19,2025-12-01,True,False,False,False,True,,keep
banco_automacao.db,universo_automacao,339,339,USINA SUMAUMA,270,SNF,19544 - 19546,19/09/2025,29/09/2025,3300.0,PAGO,2025-09-19,2025-09-29,2025-09-19,2025-09-29,True,False,False,False,True,,keep
banco_automacao.db,universo_automacao,340,340,AGROVAL,268,317,22605,19/09/2025,10/10/2025,24360.0,PAGO,2025-09-19,2025-10-10,2025-09-19,2025-10-10,True,False,False,False,True,,keep
banco_automacao.db,universo_automacao,341,341,CEARA MIRIM,262,305,19553,03/09/2025,24/09/2025,2375.0,PAGO,2025-09-03,2025-09-24,2025-09-03,2025-09-24,True,False,False,False,True,,keep
banco_automacao.db,universo_automacao,342,342,NHL,263,SNF,22584,11/09/2025,10/10/2025,9860.0,PAGO,2025-09-11,2025-10-10,2025-09-11,2025-10-10,True,False,False,False,True,,keep
banco_automacao.db,universo_automacao,343,343,NHL,263,SNF,22584,11/09/2025,25/10/2025,9860.0,PAGO,2025-09-11,2025-10-25,2025-09-11,2025-10-25,True,False,False,False,True,,keep
banco_automacao.db,universo_automacao,344,344,CEARA MIRIM,279,333,24631,09/10/2025,05/11/2025,1000.0,PAGO,2025-10-09,2025-11-05,2025-10-09,2025-11-05,True,False,False,False,True,,keep
banco_automacao.db,universo_automacao,345,345,USINA CORURIPE,285,314,22592,20/10/2025,04/12/2025,20880.0,PAGO,2025-10-20,2025-12-04,2025-10-20,2025-12-04,True,False,False,False,True,,keep
banco_automacao.db,universo_automacao,346,346,COMPANHIA ALIMENTICIA,289,SNF,OÇ 177,24/10/2025,24/11/2025,2700.0,PAGO,2025-10-24,2025-11-24,2025-10-24,2025-11-24,True,False,False,False,True,,keep
banco_automacao.db,universo_automacao,347,347,COMPANHIA ALIMENTICIA,SNF,341,OÇ 176,24/10/2025,24/10/2025,27000.0,PAGO,2025-10-24,2025-10-24,2025-10-24,2025-10-24,True,False,False,False,True,,keep
banco_automacao.db,universo_automacao,348,348,COMPANHIA ALIMENTICIA,SNF,341,2025-12-22 00:00:00,24/10/2025,24/11/2025,10000.0,PAGO,2025-10-24,2025-11-24,2025-10-24,2025-11-24,True,False,False,False,True,,keep
banco_automacao.db,universo_automacao,349,349,PINDORAMA,290,SNF,21576,27/10/2025,28/11/2025,64045.2,ATRASADO,2025-10-27,2025-11-28,2025-10-27,2025-11-28,True,False,False,False,True,,keep
banco_automacao.db,universo_automacao,350,350,BOKUS,281,SNF,24645,13/10/2025,03/11/2025,1400.0,PAGO,2025-10-13,2025-11-03,2025-10-13,2025-11-03,True,False,False,False,True,,keep
banco_automacao.db,universo_automacao,351,351,VITRIUM,291,SNF,17220,03/11/2025,24/11/2025,7000.0,PAGO,2025-11-03,2025-11-24,2025-11-03,2025-11-24,True,False,False,False,True,,keep
banco_automacao.db,universo_automacao,352,352,CM PRODUTOS CIDERUGICOS,292,SNF,24713,05/11/2025,05/11/2025,600.0,PAGO,2025-11-05,2025-11-05,2025-11-05,2025-11-05,True,False,False,False,True,,keep
banco_automacao.db,universo_automacao,353,353,USINA CAETE,293,331,22611,06/11/2025,06/12/2025,21000.0,PAGO,2025-11-06,2025-12-06,2025-11-06,2025-12-06,True,False,False,False,True,,keep
banco_automacao.db,universo_automacao,354,354,USINA CAETE,293,331,22611,06/11/2025,21/12/2025,21000.0,PAGO,2025-11-06,2025-12-21,2025-11-06,2025-12-21,True,False,False,False,True,,keep
banco_automacao.db,universo_automacao,355,355,COAF CRUANGI,1000,1309,20558,03/11/2025,07/11/2025,10000.0,PAGO,2025-11-03,2025-11-07,2025-11-03,2025-11-07,True,False,False,False,True,,keep
banco_automacao.db,universo_automacao,356,356,CORURIPE,294,353,24673,13/11/2025,29/12/2025,8000.0,PAGO,2025-11-13,2025-12-29,2025-11-13,2025-12-29,True,False,False,False,True,,keep
banco_automacao.db,universo_automacao,357,357,CENTRAL AÇUCAREIRA,286,339,20566,22/10/2025,21/11/2025,5780.0,PAGO,2025-10-22,2025-11-21,2025-10-22,2025-11-21,True,False,False,False,True,,keep
banco_automacao.db,universo_automacao,358,358,CENTRAL AÇUCAREIRA,286,339,20566,22/10/2025,21/12/2025,5780.0,PAGO,2025-10-22,2025-12-21,2025-10-22,2025-12-21,True,False,False,False,True,,keep
banco_automacao.db,universo_automacao,359,359,CENTRAL AÇUCAREIRA,287,339,20567,22/10/2025,12/11/2025,8655.0,PAGO,2025-10-22,2025-11-12,2025-10-22,2025-11-12,True,False,False,False,True,,keep
banco_automacao.db,universo_automacao,360,360,CENTRAL AÇUCAREIRA,288,339,20565,22/10/2025,21/11/2025,6027.5,PAGO,2025-10-22,2025-11-21,2025-10-22,2025-11-21,True,False,False,False,True,,keep
banco_automacao.db,universo_automacao,362,362,AGROVAL,296,351,24722,18/11/2025,09/12/2025,3500.0,PAGO,2025-11-18,2025-12-09,2025-11-18,2025-12-09,True,False,False,False,True,,keep
banco_automacao.db,universo_automacao,363,363,AGROVAL,295,351,24721,18/11/2025,09/12/2025,3500.0,PAGO,2025-11-18,2025-12-09,2025-11-18,2025-12-09,True,False,False,False,True,,keep
banco_automacao.db,universo_automacao,365,365,COMPANHIA ALIMENTICIA,297,AG NF,25747,21/11/2025,31/12/2025,18500.0,PAGO,2025-11-21,2025-12-31,2025-11-21,2025-12-31,True,False,False,False,True,,keep
banco_automacao.db,universo_automacao,366,366,PINDORAMA,2,SN,20564 / 22585,03/12/2025,02/01/2025,6480.0,ATRASADO,2025-12-03,2025-01-02,2025-12-03,2025-01-02,True,False,False,False,True,,keep
banco_automacao.db,universo_automacao,367,367,PINDORAMA,2,SN,20565 / 22585,03/12/2025,02/02/2025,6480.0,ATRASADO,2025-12-03,2025-02-02,2025-12-03,2025-02-02,True,False,False,False,True,,keep
banco_automacao.db,universo_automacao,368,368,CEARA MIRIM,3,358,26782,05/12/2025,22/12/2025,14560.0,PAGO,2025-12-05,2025-12-22,2025-12-05,2025-12-22,True,False,False,False,True,,keep
banco_automacao.db,universo_automacao,369,369,COMPANHIA ALIMENTICIA,4,355,24698,10/12/2025,12/01/2026,5135.0,PAGO,2025-12-10,2026-01-12,2025-12-10,2026-01-12,True,False,False,False,True,,keep
banco_automacao.db,universo_automacao,370,370,COMPANHIA ALIMENTICIA,9,359,24701,07/01/2026,28/01/2026,5135.0,PAGO,2026-01-07,2026-01-28,2026-01-07,2026-01-28,True,False,False,False,True,,keep
banco_automacao.db,universo_automacao,374,374,RV ENERGIA AGROINDUSTRIAL,14,SNF,28900 / 186,26/01/2026,25/02/2026,6900.0,ATRASADO,2026-01-26,2026-02-25,2026-01-26,2026-02-25,True,False,False,False,True,,keep
banco_automacao.db,universo_automacao,375,375,BATERIA MOURA,17,391,29920,02/02/2026,03/04/2026,14084.7,PAGO,2026-02-02,2026-04-03,2026-02-02,2026-04-03,True,False,False,False,True,,keep
banco_automacao.db,universo_automacao,376,376,COMPANHIA,18,SNF,28873,05/02/2026,26/02/2026,5000.0,PAGO,2026-02-05,2026-02-26,2026-02-05,2026-02-26,True,False,False,False,True,,keep
banco_automacao.db,universo_automacao,377,377,COMPANHIA,19,390,29925,05/02/2026,26/02/2026,5000.0,PAGO,2026-02-05,2026-02-26,2026-02-05,2026-02-26,True,False,False,False,True,,keep
banco_automacao.db,universo_automacao,378,378,COMPANHIA,20,383,28895,05/02/2026,26/02/2026,5000.0,PAGO,2026-02-05,2026-02-26,2026-02-05,2026-02-26,True,False,False,False,True,,keep
banco_automacao.db,universo_automacao,379,379,USINA PORTO RICO,5,395,29939 / 29938,18/02/2026,20/03/2026,3600.5,PAGO,2026-02-18,2026-03-20,2026-02-18,2026-03-20,True,False,False,False,True,,keep
banco_automacao.db,universo_automacao,380,380,USINA PORTO RICO,4,396,29940,18/02/2026,20/03/2026,3662.25,PAGO,2026-02-18,2026-03-20,2026-02-18,2026-03-20,True,False,False,False,True,,keep
banco_automacao.db,universo_automacao,381,381,USINA PORTO RICO,3,397,29937,18/02/2026,20/03/2026,11704.0,PAGO,2026-02-18,2026-03-20,2026-02-18,2026-03-20,True,False,False,False,True,,keep
banco_automacao.db,universo_automacao,382,382,BATERIA MOURA,6,-,29920,02/03/2026,05/05/2026,14084.7,PAGO,2026-03-02,2026-05-05,2026-03-02,2026-05-05,True,False,False,False,True,,keep
banco_automacao.db,universo_automacao,383,383,COMPANHIA ALIMENTICIA DO VALE,7,-,24698,03/03/2026,30/04/2026,5135.0,PAGO,2026-03-03,2026-04-30,2026-03-03,2026-04-30,True,False,False,False,True,,keep
banco_automacao.db,universo_automacao,384,384,COMPANHIA ALIMENTICIA DO VALE,8,-,24700,03/03/2026,15/05/2026,5135.0,PAGO,2026-03-03,2026-05-15,2026-03-03,2026-05-15,True,False,False,False,True,,keep
banco_automacao.db,universo_automacao,385,385,MARELLI,9,-,29999 - 29997,04/03/2026,26/03/2026,5371.04,PAGO,2026-03-04,2026-03-26,2026-03-04,2026-03-26,True,False,False,False,True,,keep
banco_automacao.db,universo_automacao,386,386,USINA CAETE,11,-,24648,11/03/2026,10/04/2026,6211.0,PAGO,2026-03-11,2026-04-10,2026-03-11,2026-04-10,True,False,False,False,True,,keep
banco_automacao.db,universo_automacao,387,387,USINA CAETE,12,-,24649,11/03/2026,10/04/2026,3235.0,PAGO,2026-03-11,2026-04-10,2026-03-11,2026-04-10,True,False,False,False,True,,keep
banco_automacao.db,universo_automacao,388,388,CORR PLASTIK,13,-,30021,11/03/2026,13/04/2026,16333.34,PAGO,2026-03-11,2026-04-13,2026-03-11,2026-04-13,True,False,False,False,True,,keep
banco_automacao.db,universo_automacao,389,389,CORR PLASTIK,13,1457,30021,30/03/2026,13/05/2026,16333.33,PAGO,2026-03-30,2026-05-13,2026-03-30,2026-05-13,True,False,False,False,True,,keep
banco_automacao.db,universo_automacao,390,390,CORR PLASTIK,13,1457,30021,12/03/2026,28/05/2026,16333.33,PAGO,2026-03-12,2026-05-28,2026-03-12,2026-05-28,True,False,False,False,True,,keep
banco_automacao.db,universo_automacao,977,977,USINA PORTO RICO,15,,26768,01/04/2026,01/05/2026,18000.0,PAGO,2026-04-01,2026-05-01,2026-04-01,2026-05-01,True,False,False,False,True,,keep
banco_automacao.db,universo_automacao,978,978,CAPRICCHE S.A,16,,29983-29984,01/04/2026,29/05/2026,10400.0,PAGO,2026-04-01,2026-05-29,2026-04-01,2026-05-29,True,False,False,False,True,,keep
banco_automacao.db,universo_automacao,979,979,ORIZON,17,,30077,02/04/2026,17/05/2026,17400.0,PAGO,2026-04-02,2026-05-17,2026-04-02,2026-05-17,True,False,False,False,True,,keep
banco_automacao.db,universo_automacao,980,980,CORR PLASTIK,14,SNF,30064,30/03/2026,30/04/2026,7666.66,PAGO,2026-03-30,2026-04-30,2026-03-30,2026-04-30,True,False,False,False,True,,keep
banco_automacao.db,universo_automacao,981,981,CORR PLASTIK,14,SNF,30064,30/03/2026,01/06/2026,7666.66,PAGO,2026-03-30,2026-06-01,2026-03-30,2026-06-01,True,False,False,False,True,,keep
banco_automacao.db,universo_automacao,982,982,CORR PLASTIK,14,SNF,30064,30/03/2026,16/06/2026,7666.68,PAGO,2026-03-30,2026-06-16,2026-03-30,2026-06-16,True,False,False,False,True,,keep
banco_automacao.db,universo_automacao,983,983,USINA CORURIPE,18,360 / 328 / 376 / 354 / 338,24622 / 24623 / 24624 / 24625 / 24626,08/04/2026,31/05/2026,100000.0,PAGO,2026-04-08,2026-05-31,2026-04-08,2026-05-31,True,False,False,False,True,,keep
banco_automacao.db,universo_automacao,985,985,USINA CORURIPE,20,361 - 360 - 368 - 370 - 369 - 384,26806 - 26802 - 26803 - 26807 - 26805,14/04/2026,10/06/2026,145902.6,PAGO,2026-04-14,2026-06-10,2026-04-14,2026-06-10,True,False,False,False,True,,keep
banco_automacao.db,universo_automacao,986,986,CORURIPE,21,361,26807,22/04/2026,05/06/2026,13142.97,PAGO,2026-04-22,2026-06-05,2026-04-22,2026-06-05,True,False,False,False,True,,keep
banco_automacao.db,universo_automacao,987,987,CORR PLASTIK,22,,30142,04/05/2026,03/06/2026,15500.0,PAGO,2026-05-04,2026-06-03,2026-05-04,2026-06-03,True,False,False,False,True,,keep
banco_automacao.db,universo_automacao,988,988,CORR PLASTIK,22,,30142,04/05/2026,18/06/2026,15500.0,PAGO,2026-05-04,2026-06-18,2026-05-04,2026-06-18,True,False,False,False,True,,keep
banco_automacao.db,universo_automacao,989,989,CORR PLASTIK,22,,30142,04/05/2026,03/07/2026,15500.0,PAGO,2026-05-04,2026-07-03,2026-05-04,2026-07-03,True,False,False,False,True,,keep
banco_automacao.db,universo_automacao,990,990,CORR PLASTIK,22,,30142,04/05/2026,20/07/2026,15500.0,PAGO,2026-05-04,2026-07-20,2026-05-04,2026-07-20,True,False,False,False,True,,keep
banco_automacao.db,universo_automacao,991,991,COAF,23,,30139-30140-30147,04/05/2026,28/05/2026,8000.0,PAGO,2026-05-04,2026-05-28,2026-05-04,2026-05-28,True,False,False,False,True,,keep
banco_automacao.db,universo_automacao,992,992,CORURIPE,25,415,30095- 30096-30097-30098-30099-30100,07/05/2026,30/06/2026,104355.0,PAGO,2026-05-07,2026-06-30,2026-05-07,2026-06-30,True,False,False,False,True,,keep
banco_automacao.db,universo_automacao,993,993,CORURIPE,26,,30101,08/05/2026,22/06/2026,17311.5,PAGO,2026-05-08,2026-06-22,2026-05-08,2026-06-22,True,False,False,False,True,,keep
banco_automacao.db,universo_automacao,994,994,USINA SÃO JOSE,27,,30173-30174,12/05/2026,17/06/2026,19500.0,PAGO,2026-05-12,2026-06-17,2026-05-12,2026-06-17,True,False,False,False,True,,keep
banco_automacao.db,universo_automacao,995,995,CAPRICCHE,28,421,30214-30029,18/05/2026,15/06/2026,10000.0,PAGO,2026-05-18,2026-06-15,2026-05-18,2026-06-15,True,False,False,False,True,,keep
banco_automacao.db,universo_automacao,996,996,CORRPLASTIK,29,,30199,20/05/2026,17/06/2026,4650.0,PAGO,2026-05-20,2026-06-17,2026-05-20,2026-06-17,True,False,False,False,True,,keep
banco_automacao.db,universo_automacao,997,997,CORRPLASTIK,29,,30199,20/05/2026,24/06/2026,4650.0,PAGO,2026-05-20,2026-06-24,2026-05-20,2026-06-24,True,False,False,False,True,,keep
banco_automacao.db,universo_automacao,998,998,USINA SÃO JOSE DO PINHEIRO,30,424,30026,22/05/2026,15/06/2026,5000.0,PAGO,2026-05-22,2026-06-15,2026-05-22,2026-06-15,True,False,False,False,True,,keep
banco_automacao.db,universo_automacao,999,999,CAPRICHE,36,428,30244,12/06/2026,10/07/2026,5500.0,PAGO,2026-06-12,2026-07-10,2026-06-12,2026-07-10,True,False,False,False,True,,keep
banco_automacao.db,universo_automacao,1000,1000,COCO DO VALE,32,430,30299,15/06/2026,06/07/2026,3000.0,PAGO,2026-06-15,2026-07-06,2026-06-15,2026-07-06,True,False,False,False,True,,keep
banco_automacao.db,universo_automacao,1001,1001,LGS AUTOMAÇÃO,33,,30295,16/06/2026,15/07/2026,1995.0,PAGO,2026-06-16,2026-07-15,2026-06-16,2026-07-15,True,False,False,False,True,,keep
banco_automacao.db,universo_automacao,1002,1002,CAPRICHE,38,433,30243,16/06/2026,14/07/2026,5500.0,PAGO,2026-06-16,2026-07-14,2026-06-16,2026-07-14,True,False,False,False,True,,keep
banco_automacao.db,universo_automacao,1003,1003,CAPRICHE,37,432,28878,16/06/2026,14/07/2026,5200.0,PAGO,2026-06-16,2026-07-14,2026-06-16,2026-07-14,True,False,False,False,True,,keep
banco_automacao.db,universo_automacao,1004,1004,COLORATA PACKING,SNF,SNF,30311,18/06/2026,18/06/2026,500.0,PAGO,2026-06-18,2026-06-18,2026-06-18,2026-06-18,True,False,False,False,True,,keep
banco_automacao.db,universo_automacao,1005,1005,CAPRICHE,39,434,30261 - 30262,01/07/2026,29/07/2026,10400.0,PAGO,2026-07-01,2026-07-29,2026-07-01,2026-07-29,True,False,False,False,True,,keep
banco_automacao.db,universo_automacao,1006,1006,MEKSOL,40,,30359,03/07/2026,03/07/2026,1000.0,PAGO,2026-07-03,2026-07-03,2026-07-03,2026-07-03,True,False,False,False,True,,keep
banco_automacao.db,universo_automacao,1007,1007,COCO DE VALE,41,438,30357,03/07/2026,23/07/2026,10750.0,PAGO,2026-07-03,2026-07-23,2026-07-03,2026-07-23,True,False,False,False,True,,keep
banco_automacao.db,universo_automacao,1008,1008,COCO DO VALE,41,438,30357,03/07/2026,12/08/2026,10750.0,ATRASADO,2026-07-03,2026-08-12,2026-07-03,2026-08-12,True,False,False,False,True,,keep
banco_automacao.db,universo_automacao,1009,1009,CORR PLASTIK,42,SNF,30238,07/07/2026,04/08/2026,9200.0,PAGO,2026-07-07,2026-08-04,2026-07-07,2026-08-04,True,False,False,False,True,,keep
banco_automacao.db,universo_automacao,1010,1010,CORR PLASTICK,42,SNF,30238,07/07/2026,11/08/2026,9200.0,PAGO,2026-07-07,2026-08-11,2026-07-07,2026-08-11,True,False,False,False,True,,keep
banco_automacao.db,universo_automacao,1011,1011,CORR PLASTICK,42,SNF,30238,07/07/2026,18/08/2026,9150.0,PAGO,2026-07-07,2026-08-18,2026-07-07,2026-08-18,True,False,False,False,True,,keep
banco_automacao.db,universo_automacao,1012,1012,USINA PORTO RICO,43,441,30345,09/07/2026,31/07/2026,33000.0,PAGO,2026-07-09,2026-07-31,2026-07-09,2026-07-31,True,False,False,False,True,,keep
banco_automacao.db,universo_automacao,1013,1013,USINA SERRA GRANDE,45,437,30235 - 1041 - 30233,21/07/2026,20/08/2026,59999.96,PAGO,2026-07-21,2026-08-20,2026-07-21,2026-08-20,True,False,False,False,True,,keep
banco_automacao.db,universo_automacao,1015,1015,USINA CAETE,44,443,30221,09/07/2026,31/07/2026,2755.0,PAGO,2026-07-09,2026-07-31,2026-07-09,2026-07-31,True,False,False,False,True,,keep
banco_automacao.db,universo_automacao,1016,1016,CEARA MIRIM,47,451,30385,03/08/2026,24/08/2026,3895.0,EM ABERTO,2026-08-03,2026-08-24,2026-08-03,2026-08-24,True,False,False,False,True,,keep
banco_automacao.db,universo_automacao,1017,1017,USINA CUCAU,48,AG EMITIR,30418,03/08/2026,24/08/2026,7600.0,EM ABERTO,2026-08-03,2026-08-24,2026-08-03,2026-08-24,True,False,False,False,True,,keep
banco_automacao.db,universo_automacao,1018,1018,CORR PLASTIK,49,SNF,30438,05/08/2026,04/09/2026,3200.0,EM ABERTO,2026-08-05,2026-09-04,2026-08-05,2026-09-04,True,False,False,False,True,,keep
banco_automacao.db,universo_automacao,1019,1019,CORR PLASTIK,49,SNF,30438,05/08/2026,21/09/2026,3200.0,EM ABERTO,2026-08-05,2026-09-21,2026-08-05,2026-09-21,True,False,False,False,True,,keep
banco_automacao.db,universo_automacao,1020,1020,CORR PLASTIK,49,SNF,30438,05/08/2026,05/10/2026,3200.0,EM ABERTO,2026-08-05,2026-10-05,2026-08-05,2026-10-05,True,False,False,False,True,,keep
banco_automacao.db,universo_automacao,1021,1021,CAFÉ OURO VERDE,51,S/N,30362,07/08/2026,28/08/2026,5700.0,EM ABERTO,2026-08-07,2026-08-28,2026-08-07,2026-08-28,True,False,False,False,True,,keep
banco_automacao.db,universo_automacao,1022,1022,USINA SAO JOSE PINHEIRO,52,452,30366,07/08/2026,28/08/2026,18095.6,EM ABERTO,2026-08-07,2026-08-28,2026-08-07,2026-08-28,True,False,False,False,True,,keep
banco_automacao.db,universo_automacao,1023,1023,CORR PLASTIK,53,SNF,30412,12/08/2026,11/09/2026,8990.0,EM ABERTO,2026-08-12,2026-09-11,2026-08-12,2026-09-11,True,False,False,False,True,,keep
banco_automacao.db,universo_automacao,1024,1024,CORR PLASTIK,53,,30412,12/08/2026,26/09/2026,8990.0,EM ABERTO,2026-08-12,2026-09-26,2026-08-12,2026-09-26,True,False,False,False,True,,keep
banco_automacao.db,universo_automacao,1025,1025,COOR PLASTIK,53,,30412,12/08/2026,11/10/2026,8990.0,EM ABERTO,2026-08-12,2026-10-11,2026-08-12,2026-10-11,True,False,False,False,True,,keep
banco_automacao.db,universo_automacao,1026,1026,USINA SERRA GRANDE,54,454,30393 - 30389 - 30387 - 30386 - 30392 - 30394,13/08/2026,21/09/2026,18494.24,EM ABERTO,2026-08-13,2026-09-21,2026-08-13,2026-09-21,True,False,False,False,True,,keep
banco_automacao.db,universo_automacao,1027,1027,USINA SERRA GRANDE,54,454,30393 - 30389 - 30387 - 30386 - 30392 - 30394,13/08/2026,12/10/2026,18494.0,EM ABERTO,2026-08-13,2026-10-12,2026-08-13,2026-10-12,True,False,False,False,True,,keep
banco_automacao.db,universo_automacao,1028,1028,USINA SERRA GRANDE,55,456,30391,19/08/2026,18/09/2026,22507.95,EM ABERTO,2026-08-19,2026-09-18,2026-08-19,2026-09-18,True,False,False,False,True,,keep
banco_automacao.db,universo_automacao,1029,1029,USINA SERRA GRANDE,55,456,30391,19/08/2026,19/10/2026,22507.95,EM ABERTO,2026-08-19,2026-10-19,2026-08-19,2026-10-19,True,False,False,False,True,,keep
banco_automacao.db,universo_automacao,1030,1030,USINA TRAPICHE,57,457,24634,20/08/2026,19/09/2026,20900.0,EM ABERTO,2026-08-20,2026-09-19,2026-08-20,2026-09-19,True,False,False,False,True,,keep
banco_automacao.db,universo_automacao,1031,1031,USINA TRAPICHE,57,457,24634,20/08/2026,19/10/2026,20900.0,EM ABERTO,2026-08-20,2026-10-19,2026-08-20,2026-10-19,True,False,False,False,True,,keep
banco_automacao.db,universo_automacao,1032,1032,USINA TRAPICHE,58,459,30395-30396-30397-30398,21/08/2026,20/09/2026,12925.7,EM ABERTO,2026-08-21,2026-09-20,2026-08-21,2026-09-20,True,False,False,False,True,,keep
banco_automacao.db,universo_automacao,1033,1033,USINA TRAPICHE,58,58  459,30395-30396-30397-30398,21/08/2026,20/10/2026,12925.7,EM ABERTO,2026-08-21,2026-10-20,2026-08-21,2026-10-20,True,False,False,False,True,,keep
banco_solucoes.db,solucoes_eletronica,1,1,BRASIL MOLEJO,1,SNF,30018,30/03/2026,14/04/2026,11875.0,PAGO,2026-03-30,2026-04-14,2026-03-30,2026-04-14,True,False,False,False,True,,keep
banco_solucoes.db,solucoes_eletronica,2,2,BRASIL MOLEJO,1,SNF,30018,30/03/2026,14/05/2026,11875.0,PAGO,2026-03-30,2026-05-14,2026-03-30,2026-05-14,True,False,False,False,True,,keep
banco_solucoes.db,solucoes_eletronica,3,3,AÇO MAIS LTDA,3,,30143,22/04/2026,13/05/2026,7487.0,PAGO,2026-04-22,2026-05-13,2026-04-22,2026-05-13,True,False,False,False,True,,keep
banco_solucoes.db,solucoes_eletronica,4,4,ORIZON PERNAMBUCO,4,SNF,1002 - 1017,04/05/2026,10/06/2026,19500.0,PAGO,2026-05-04,2026-06-10,2026-05-04,2026-06-10,True,False,False,False,True,,keep
banco_solucoes.db,solucoes_eletronica,5,5,PERNAMBUCO COMPRESSORES,SN,,,04/05/2026,15/05/2026,1200.0,PAGO,2026-05-04,2026-05-15,2026-05-04,2026-05-15,True,False,False,False,True,,keep
banco_solucoes.db,solucoes_eletronica,6,6,AÇO MAIS,5,,30182-30183,06/05/2026,27/05/2026,1400.0,PAGO,2026-05-06,2026-05-27,2026-05-06,2026-05-27,True,False,False,False,True,,keep
banco_solucoes.db,solucoes_eletronica,8,8,CONTINENTE ATACAREJO,6,,30044,20/05/2026,12/06/2026,13537.5,PAGO,2026-05-20,2026-06-12,2026-05-20,2026-06-12,True,False,False,False,True,,keep
banco_solucoes.db,solucoes_eletronica,9,9,PRECISION ALIAMENTO TECNICO,SNF,SNF,30186,20/05/2026,20/05/2026,500.0,PAGO,2026-05-20,2026-05-20,2026-05-20,2026-05-20,True,False,False,False,True,,keep
banco_solucoes.db,solucoes_eletronica,10,10,VISE,8,,30232,09/06/2026,09/06/2026,5000.0,PAGO,2026-06-09,2026-06-09,2026-06-09,2026-06-09,True,False,False,False,True,,keep
banco_solucoes.db,solucoes_eletronica,11,11,FERREIRA COSTA,09,SNF,30349,07/07/2026,28/07/2026,2185.0,PAGO,2026-07-07,2026-07-28,2026-07-07,2026-07-28,True,False,False,False,True,,keep
banco_solucoes.db,solucoes_eletronica,12,12,CONNECT ECO,10,,30462,12/08/2026,09/09/2026,2465.0,EM ABERTO,2026-08-12,2026-09-09,2026-08-12,2026-09-09,True,False,False,False,True,,keep
